{"loss": [3.0558362007141113, 1.2835693359375, 0.45817404985427856, 0.3043862283229828, 0.22054578363895416, 0.16328418254852295, 0.12177807837724686, 0.09402044862508774, 0.07062896341085434, 0.05559403821825981, 0.04166288301348686, 0.03507867828011513, 0.02927989512681961, 0.02650187537074089, 0.02420450747013092, 0.02311111055314541, 0.021918535232543945, 0.020825233310461044, 0.019992273300886154, 0.019070230424404144, 0.018367724493145943, 0.017492251470685005, 0.017100317403674126, 0.01672247424721718, 0.016429774463176727, 0.01619935780763626, 0.015928244218230247, 0.015724804252386093, 0.015537429600954056, 0.015368055552244186, 0.01543215662240982, 0.015107444487512112, 0.014890292659401894, 0.014765824191272259, 0.01557451393455267, 0.020831365138292313, 0.03812555968761444, 0.027597619220614433, 0.022730432450771332, 0.017164628952741623, 0.019254980608820915, 0.01969868689775467, 0.016953621059656143, 0.016079174354672432, 0.01569315604865551, 0.01643587462604046, 0.01670151948928833, 0.015117373317480087, 0.014596248976886272, 0.015245307236909866, 0.015485447831451893, 0.01468575932085514, 0.014328227378427982, 0.014882946386933327, 0.013931876979768276, 0.01375153474509716, 0.013468531891703606, 0.013145611621439457, 0.013723773881793022, 0.013198919594287872, 0.013268387876451015, 0.013063696213066578, 0.012921832501888275, 0.012944142334163189, 0.012843886390328407, 0.013459286652505398, 0.015608596615493298, 0.016236504539847374, 0.014818067662417889, 0.013113291934132576, 0.0127367302775383, 0.013168079778552055, 0.014504441060125828, 0.016742931678891182, 0.016516219824552536, 0.013468919321894646, 0.012845119461417198, 0.014129845425486565, 0.015563816763460636, 0.01587001606822014, 0.014020329341292381, 0.012876617722213268, 0.012672055512666702, 0.012510277330875397, 0.012444852851331234, 0.012396985664963722, 0.012538939714431763, 0.012636714614927769, 0.012502281926572323, 0.012693135999143124, 0.018641795963048935, 0.0784016102552414, 0.0874091163277626, 0.04446198418736458, 0.033879321068525314, 0.025168951600790024, 0.020895397290587425, 0.020272541791200638, 0.016716042533516884, 0.016236765310168266], "val_loss": [0.2465137243270874, 0.22778648138046265, 0.23621374368667603, 0.22562241554260254, 0.22177061438560486, 0.20444324612617493, 0.18557755649089813, 0.17314937710762024, 0.1554124355316162, 0.1512463092803955, 0.13573665916919708, 0.1279180645942688, 0.12576138973236084, 0.11843665689229965, 0.11601812392473221, 0.11393995583057404, 0.11441578716039658, 0.11448627710342407, 0.11493014544248581, 0.11677945405244827, 0.11956947296857834, 0.12050261348485947, 0.12343441694974899, 0.12666849792003632, 0.12787885963916779, 0.12898802757263184, 0.1310107707977295, 0.13197053968906403, 0.13329964876174927, 0.1359640210866928, 0.13912338018417358, 0.13935601711273193, 0.14031749963760376, 0.14572390913963318, 0.13948367536067963, 0.16563774645328522, 0.1330706626176834, 0.14467687904834747, 0.1626565158367157, 0.17165929079055786, 0.16936297714710236, 0.1616264134645462, 0.15797574818134308, 0.15574033558368683, 0.15541516244411469, 0.15920601785182953, 0.1658439338207245, 0.1754383146762848, 0.1791405826807022, 0.17636309564113617, 0.17198418080806732, 0.1676197648048401, 0.17063167691230774, 0.17670869827270508, 0.18183666467666626, 0.180430069565773, 0.1775720864534378, 0.1775669902563095, 0.18392792344093323, 0.18424588441848755, 0.17919743061065674, 0.18358446657657623, 0.18313521146774292, 0.18435454368591309, 0.18595583736896515, 0.1768193393945694, 0.194161057472229, 0.17445909976959229, 0.1880321055650711, 0.1848898082971573, 0.18060895800590515, 0.1898360252380371, 0.17356958985328674, 0.19606395065784454, 0.17419488728046417, 0.17926613986492157, 0.18550147116184235, 0.17157483100891113, 0.18898621201515198, 0.17205241322517395, 0.18327611684799194, 0.1740339994430542, 0.17795714735984802, 0.17270028591156006, 0.17136606574058533, 0.1731744259595871, 0.16828981041908264, 0.1726119965314865, 0.16713671386241913, 0.17614808678627014, 0.15139302611351013, 0.26521608233451843, 0.21076175570487976, 0.20394304394721985, 0.1754385530948639, 0.14413675665855408, 0.13979679346084595, 0.15933361649513245, 0.1570664644241333, 0.13950154185295105]}