{"loss": [0.0345548577606678, 0.005835630465298891, 0.005306750535964966, 0.0044937715865671635, 0.004345372784882784, 0.0041497014462947845, 0.0041118282824754715, 0.003947749268263578, 0.0038209203630685806, 0.003758959472179413], "val_loss": [0.006526893936097622, 0.005542530678212643, 0.0051807803101837635, 0.0045514884404838085, 0.004646902903914452, 0.00438951700925827, 0.004312870092689991, 0.004037925973534584, 0.004023243673145771, 0.003958126530051231]}