{"loss": [0.03018435649573803, 0.005454064346849918, 0.004865545313805342, 0.004437610972672701, 0.004249914549291134, 0.0042162733152508736, 0.003931313753128052, 0.0038343663327395916, 0.003804973792284727, 0.003662516362965107], "val_loss": [0.005645785480737686, 0.005171570461243391, 0.005648492369800806, 0.0048508187755942345, 0.004380078986287117, 0.00431713555008173, 0.004156466107815504, 0.004011382814496756, 0.0040356554090976715, 0.0038793226704001427]}