{"loss": [46780.1796875, 1049.482421875, 21299.55859375, 688048.8125, 576837.5625, 211933.25, 2568709.25, 123477.484375, 68759.640625, 345786.9375, 11697607.0, 1721.712158203125, 121387.7890625, 15823170.0, 164850368.0, 39593212.0, 14577745.0, 18865064.0, 69385328.0, 2627581696.0, 20083634176.0, 235426544.0, 516535936.0, 823935872.0, 1634593408.0, 300005120.0, 1117141120.0, 5219453952.0, 70491996160.0, 108950487040.0, 649382330368.0, 265557442560.0, 32125896097792.0, 303324659712.0, 4536555536384.0, 66741501689856.0, 11216601743360.0, 51751734476800.0, 132212859076608.0, 536433664196608.0, 30598290735104.0], "val_loss": [1830.1114501953125, 3619.209228515625, 1695346.125, 1324508.375, 11867.3544921875, 834432.375, 93451.4140625, 68338.203125, 68772.09375, 8442819.0, 677088448.0, 14465.283203125, 785.8541259765625, 77525184.0, 97518456.0, 1322405.125, 2782561.0, 496243.90625, 575916736.0, 431461248.0, 10504523.0, 1489030.875, 922489344.0, 1490961536.0, 574000640.0, 76098792.0, 644939200.0, 9894659072.0, 124372705280.0, 20914038784.0, 52849696768.0, 2274551922688.0, 40591593472.0, 160881082368.0, 144581718966272.0, 6796263555072.0, 104558646788096.0, 8642895020032.0, 245125376638976.0, 1681456627712.0, 48221372022784.0], "reconstruction_loss": [], "kl_loss": []}