{"loss": [0.059137966483831406, 0.05790222808718681, 0.05790221318602562], "val_loss": [0.06076561659574509, 0.06076561659574509, 0.06076561659574509], "reconstruction_loss": [], "kl_loss": []}