{"loss": [0.008775810711085796, 0.004183225799351931, 0.003703516675159335, 0.0034248551819473505, 0.0032057862263172865, 0.0031037344597280025, 0.003154464066028595, 0.002956463024020195, 0.002963659353554249, 0.0028524172957986593, 0.0029078731313347816, 0.0027607111260294914, 0.002648026216775179, 0.002648714929819107, 0.0024896450340747833, 0.0024542526807636023, 0.002358988393098116, 0.002367952838540077, 0.0022977632470428944, 0.002246098592877388, 0.0021928593050688505, 0.0021684961393475533, 0.0021154817659407854, 0.002302073407918215, 0.0021431331988424063, 0.0020670173689723015, 0.0020339093171060085, 0.001961779547855258, 0.001943700946867466, 0.001953322906047106], "val_loss": [0.004923461936414242, 0.003798973048105836, 0.003468069713562727, 0.003439913270995021, 0.003669654717668891, 0.0032908176071941853, 0.003372799837961793, 0.0033003578428179026, 0.003288201056420803, 0.0032870452851057053, 0.003726972732692957, 0.003371679689735174, 0.0033350172452628613, 0.003270339220762253, 0.004734320100396872, 0.0033090426586568356, 0.0033094040118157864, 0.0032662730664014816, 0.0032531290780752897, 0.0037061437033116817, 0.003417654661461711, 0.0032253083772957325, 0.0035032930318266153, 0.0035248047206550837, 0.003281768411397934, 0.003433474339544773, 0.003220528597012162, 0.003243205137550831, 0.003417565952986479, 0.003981471061706543], "reconstruction_loss": [], "kl_loss": []}