{"loss": [0.009233844466507435, 0.00490770535543561, 0.00461101159453392, 0.004639103543013334, 0.004221487790346146, 0.003988553304225206, 0.003910376224666834, 0.0038089659065008163, 0.0038145456928759813, 0.0036671918351203203, 0.003633099840953946, 0.0036196426954120398, 0.003651617094874382, 0.0035293842665851116, 0.0033554218243807554, 0.0033575582783669233, 0.0036938635166734457, 0.0039803688414394855, 0.0034531892742961645, 0.003585873870179057], "val_loss": [0.005513972137123346, 0.004616760648787022, 0.0054154410026967525, 0.004152402747422457, 0.004460607655346394, 0.003995668608695269, 0.003831929061561823, 0.0038379437755793333, 0.004281726665794849, 0.0037945120129734278, 0.003680313238874078, 0.004193566739559174, 0.00376499118283391, 0.0036976803094148636, 0.003456732025370002, 0.0036807868164032698, 0.007945496588945389, 0.004191011656075716, 0.0033785661216825247, 0.0034600344952195883], "reconstruction_loss": [], "kl_loss": []}