{"loss": [0.014856157824397087, 0.004229532554745674, 0.003951622173190117, 0.003784594591706991, 0.003558708820492029, 0.003393038408830762], "val_loss": [0.004186130128800869, 0.003864784026518464, 0.0038963707629591227, 0.003687940537929535, 0.0034682732075452805, 0.0033862879499793053], "reconstruction_loss": [], "kl_loss": []}