{"loss": [0.0061334469355642796, 0.004193552304059267, 0.0038436264730989933, 0.003757053054869175, 0.00370202399790287, 0.0032413427252322435, 0.0031327151227742434, 0.0029825076926499605, 0.002911510644480586, 0.0028440337628126144, 0.0027831783518195152, 0.002772843698039651, 0.0026903515681624413, 0.002733021741732955, 0.00268006045371294, 0.002504190430045128, 0.0023613753728568554, 0.0022515011951327324, 0.0022902016062289476, 0.002414809074252844, 0.0023439445067197084, 0.002188492799177766, 0.0021532864775508642, 0.002095349133014679, 0.002206912264227867, 0.0022189125884324312, 0.0024999447632580996, 0.0021068642381578684, 0.001981486799195409, 0.0018542163306847215, 0.0018668334232643247, 0.0018446467583999038, 0.0019622533582150936, 0.0018972029210999608, 0.0019248796161264181, 0.0018708780407905579, 0.0018094219267368317, 0.001733854878693819, 0.0017236089333891869, 0.0018118584994226694, 0.001898117596283555, 0.0017600004794076085, 0.001795726828277111, 0.0017453304026275873, 0.0016322482842952013, 0.0016441910993307829, 0.0017200311413034797, 0.0016542710363864899, 0.0015865479363128543, 0.0015647473046556115], "val_loss": [0.004008898511528969, 0.0037966908421367407, 0.003600959898903966, 0.004433225374668837, 0.0034824826288968325, 0.003555675270035863, 0.0032952812034636736, 0.003427303396165371, 0.00341419642791152, 0.0033152024261653423, 0.003493247553706169, 0.0032858075574040413, 0.0032659408170729876, 0.003665484022349119, 0.0033657271414995193, 0.0034785307943820953, 0.003231835551559925, 0.003278867108747363, 0.00425694277510047, 0.003337966976687312, 0.0032824089284986258, 0.003334115957841277, 0.0032459180802106857, 0.003238407662138343, 0.0033240048214793205, 0.004359932150691748, 0.0033668491523712873, 0.0033758326899260283, 0.0032433427404612303, 0.003294673515483737, 0.0033741171937435865, 0.003298001829534769, 0.0036537840496748686, 0.0033187197986990213, 0.003963254392147064, 0.00386060937307775, 0.0034713069908320904, 0.0033123197499662638, 0.00334848091006279, 0.003779076971113682, 0.0036179996095597744, 0.00348973972722888, 0.0033931578509509563, 0.0033840590622276068, 0.0033987299539148808, 0.00351860374212265, 0.0033589270897209644, 0.0034025602508336306, 0.003425074275583029, 0.0036249347031116486], "reconstruction_loss": [], "kl_loss": []}