{"loss": [0.11271851509809494, 0.11169075220823288, 0.10998233407735825, 0.10586733371019363, 0.08100017160177231, 0.05378779396414757, 0.02797321416437626, 0.0619216188788414, 0.017708394676446915, 0.021999208256602287, 0.025827182456851006, 0.02606836147606373, 0.02375035174190998, 0.019597087055444717, 0.014634888619184494, 0.01257335115224123, 0.015543957240879536, 0.014900765381753445, 0.01191619411110878, 0.010841627605259418, 0.011684744618833065, 0.012301389127969742, 0.011764618568122387, 0.010640261694788933, 0.00987214408814907, 0.009973770007491112, 0.010501432232558727, 0.010466477833688259, 0.009795683436095715, 0.009330197237432003, 0.009411919862031937, 0.009661110118031502, 0.00967487134039402, 0.009398059919476509, 0.009076530113816261, 0.008995864540338516, 0.009141192771494389, 0.009198656305670738, 0.009018125012516975, 0.008808905258774757, 0.00877858605235815, 0.008863221853971481, 0.008887122385203838, 0.008790824562311172, 0.008666747249662876, 0.008629257790744305, 0.008670909330248833, 0.008680175058543682, 0.008607636205852032, 0.008533786050975323, 0.008525703102350235, 0.008547726087272167, 0.00853804126381874, 0.008487197570502758, 0.008444654755294323, 0.008444370701909065, 0.0084528224542737, 0.008432465605437756, 0.008396818302571774, 0.008377442136406898, 0.00837966613471508, 0.008375909179449081, 0.008353380486369133, 0.00833149440586567, 0.008325506933033466, 0.008325212635099888, 0.008314254693686962, 0.008295159786939621, 0.008283915929496288, 0.008282172493636608, 0.0082761961966753, 0.008262555114924908, 0.008250659331679344, 0.008246428333222866, 0.008242876268923283, 0.008232793770730495, 0.008222522214055061, 0.008217733353376389, 0.008213995955884457, 0.008206217549741268, 0.008197484537959099, 0.008192700333893299, 0.008188611827790737, 0.008181808516383171, 0.008174917660653591, 0.00817052647471428, 0.008166304789483547, 0.008160294964909554, 0.00815457571297884, 0.008150375448167324, 0.00814609695225954, 0.008140920661389828, 0.008136121556162834, 0.008132069371640682, 0.008127819746732712, 0.008123146370053291, 0.008118824101984501, 0.008114880882203579, 0.00811077281832695, 0.008106529712677002], "val_loss": [0.11097089946269989, 0.10923634469509125, 0.10515929013490677, 0.08117842674255371, 0.05883350223302841, 0.034541573375463486, 0.06953541934490204, 0.022934887558221817, 0.02553929015994072, 0.028828540816903114, 0.02903294563293457, 0.027020933106541634, 0.02339618094265461, 0.019226355478167534, 0.018290672451257706, 0.02225772850215435, 0.02204563282430172, 0.018741872161626816, 0.016897374764084816, 0.017060142010450363, 0.017372047528624535, 0.016959359869360924, 0.01630786620080471, 0.01617911271750927, 0.016864025965332985, 0.017761290073394775, 0.017806939780712128, 0.016955621540546417, 0.016140947118401527, 0.015848718583583832, 0.015833882614970207, 0.015758972615003586, 0.01557702012360096, 0.015497228130698204, 0.01573345623910427, 0.016159679740667343, 0.01636054553091526, 0.016141081228852272, 0.015746597200632095, 0.015474975109100342, 0.015366504900157452, 0.0153124975040555, 0.015272452495992184, 0.015312069095671177, 0.01548946462571621, 0.015727574005723, 0.01585162803530693, 0.015778349712491035, 0.015597516670823097, 0.015431174077093601, 0.015316668897867203, 0.015254532918334007, 0.01526044961065054, 0.015356281772255898, 0.015507195144891739, 0.015605791471898556, 0.015576568432152271, 0.015448089689016342, 0.015305876731872559, 0.015212430618703365, 0.015180586837232113, 0.0152091383934021, 0.015299270860850811, 0.015420949086546898, 0.015506020747125149, 0.015497686341404915, 0.015401705168187618, 0.015277857892215252, 0.015190952457487583, 0.015170714817941189, 0.015213795937597752, 0.015295994468033314, 0.015375776216387749, 0.015413070097565651, 0.015388788655400276, 0.015322636812925339, 0.015253255143761635, 0.015215937979519367, 0.015227866359055042, 0.015281733125448227, 0.015345468185842037, 0.015380163677036762, 0.015369007363915443, 0.0153288459405303, 0.01528914924710989, 0.015271452255547047, 0.015281801111996174, 0.015312373638153076, 0.01534250844269991, 0.015350069850683212, 0.015330811962485313, 0.015301117673516273, 0.015281390398740768, 0.015281188301742077, 0.01529757957905531, 0.015317203477025032, 0.015326851047575474, 0.015319779515266418, 0.015303114429116249, 0.015288840979337692], "reconstruction_loss": [], "kl_loss": []}