{"loss": [0.06398376077413559, 0.023279130458831787, 0.01858873851597309, 0.01680215820670128, 0.01586231030523777, 0.015308347530663013, 0.01485239714384079, 0.014545697718858719, 0.014283045195043087, 0.013816971331834793, 0.013457606546580791, 0.013147379271686077, 0.012812760658562183, 0.012496888637542725, 0.012280858121812344, 0.01206824742257595, 0.01191719714552164, 0.011716857552528381, 0.011438118293881416, 0.011329161934554577, 0.011289980262517929, 0.011115053668618202, 0.010912703350186348, 0.010783159174025059, 0.010574939660727978, 0.010484321042895317, 0.010386588983237743, 0.010257293470203876, 0.010126582346856594, 0.010018344968557358, 0.009973617270588875, 0.009813439100980759, 0.009670563973486423, 0.009867061860859394, 0.009738346561789513, 0.009673398919403553, 0.009542356245219707, 0.009487062692642212, 0.009274379350244999, 0.009151693433523178, 0.009107422083616257, 0.009094157256186008, 0.008980313315987587, 0.008946757763624191, 0.008914886973798275, 0.008791097439825535, 0.008741471916437149, 0.008635441772639751, 0.008721120655536652, 0.008569754660129547, 0.008680453523993492, 0.008474971167743206, 0.008367425762116909, 0.008313385769724846, 0.008190425112843513, 0.008083309978246689, 0.007957706227898598, 0.00787906814366579, 0.007824745029211044, 0.007727083750069141, 0.007675640285015106, 0.007782045751810074, 0.007852306589484215, 0.007736706640571356, 0.0075492882169783115, 0.007463330402970314, 0.007255661766976118, 0.0071765827015042305, 0.00725256884470582, 0.007110078819096088, 0.00702176708728075, 0.00710673350840807, 0.0069533418864011765, 0.00701674772426486, 0.006770278327167034, 0.006736305542290211, 0.006641306448727846, 0.006425250321626663, 0.0063216970302164555, 0.006292281672358513, 0.006294469814747572, 0.006106505636125803, 0.006069745868444443, 0.006128391250967979, 0.006017777137458324, 0.00591050460934639, 0.0058951228857040405, 0.00611075246706605, 0.005901056807488203, 0.0058331978507339954, 0.005728092044591904, 0.005651600658893585, 0.0055325934663414955, 0.00553447799757123, 0.005396415013819933, 0.005373739171773195, 0.005449967458844185, 0.005379348527640104, 0.005292830057442188, 0.0051728892140090466], "val_loss": [0.10256872326135635, 0.09349888563156128, 0.08292447030544281, 0.07441727072000504, 0.06934778392314911, 0.06629128754138947, 0.064671091735363, 0.06822039186954498, 0.07051455229520798, 0.06904812902212143, 0.06931403279304504, 0.07069544494152069, 0.07504014670848846, 0.0804794505238533, 0.08317428827285767, 0.09095410257577896, 0.08606427907943726, 0.08842877298593521, 0.09380672127008438, 0.08807932585477829, 0.08520517498254776, 0.09016048908233643, 0.08930995315313339, 0.0829242616891861, 0.08839181810617447, 0.08133356273174286, 0.08082929998636246, 0.0908292904496193, 0.08533941954374313, 0.0819498598575592, 0.07992254197597504, 0.07505033165216446, 0.07555987685918808, 0.07552116364240646, 0.07810269296169281, 0.08012950420379639, 0.0805191621184349, 0.0680997222661972, 0.07531125098466873, 0.07189334183931351, 0.06609082221984863, 0.06182633340358734, 0.07396916300058365, 0.060809582471847534, 0.05950630083680153, 0.05500242859125137, 0.05686859041452408, 0.0503167100250721, 0.04649892449378967, 0.049956630915403366, 0.04472742974758148, 0.04666028916835785, 0.044170089066028595, 0.046840932220220566, 0.0364641398191452, 0.036900945007801056, 0.034374650567770004, 0.037116214632987976, 0.032251130789518356, 0.03605451062321663, 0.03502605855464935, 0.02545025385916233, 0.02693394385278225, 0.024192096665501595, 0.025393221527338028, 0.025688976049423218, 0.024941345676779747, 0.01919800601899624, 0.02563791163265705, 0.019995149224996567, 0.025776613503694534, 0.02137657441198826, 0.022131094709038734, 0.019281234592199326, 0.016881419345736504, 0.018636604771018028, 0.016194811090826988, 0.016320236027240753, 0.015812009572982788, 0.020599758252501488, 0.015337544493377209, 0.01761196181178093, 0.019534163177013397, 0.014828607439994812, 0.015059027820825577, 0.012832855805754662, 0.015878455713391304, 0.015237796120345592, 0.013533143326640129, 0.014749856665730476, 0.012760194949805737, 0.013413631357252598, 0.011960937641561031, 0.012841339223086834, 0.015330355614423752, 0.010842174291610718, 0.013971271924674511, 0.010810958221554756, 0.01157184224575758, 0.013149946928024292]}