{"loss": [5199577.0, 1177.9801025390625, 365.8795471191406, 210.2851104736328, 141.03443908691406, 101.01947021484375, 77.70904541015625, 62.110626220703125, 49.26689910888672, 40.558738708496094, 33.941017150878906, 29.29948616027832, 23.99005126953125, 20.371810913085938, 17.804187774658203], "val_loss": [2800.338623046875, 510.48870849609375, 259.503173828125, 161.9932098388672, 110.29006958007812, 82.39667510986328, 63.14381790161133, 49.065452575683594, 40.27663803100586, 33.53939437866211, 27.42666244506836, 22.915721893310547, 19.8377628326416, 17.625795364379883, 15.414706230163574], "reconstruction_loss": [], "kl_loss": []}