{"loss": [0.014856157824397087, 0.004229532554745674, 0.003951622173190117, 0.003784594591706991, 0.003558708820492029, 0.003393038408830762, 0.0033512625377625227, 0.0031564284581691027, 0.003070839447900653, 0.003029011422768235, 0.002873749937862158, 0.002839810447767377, 0.00283541320823133, 0.0027776267379522324, 0.0027104481123387814, 0.002619283040985465, 0.002548936055973172, 0.0024370625615119934], "val_loss": [0.004186130128800869, 0.003864784026518464, 0.0038963707629591227, 0.003687940537929535, 0.0034682732075452805, 0.0033862879499793053, 0.0031607195269316435, 0.00309793371707201, 0.0032399806659668684, 0.0030327467247843742, 0.0029721895698457956, 0.002982004778459668, 0.0029813088476657867, 0.0029853088781237602, 0.0032237041741609573, 0.0029865624383091927, 0.0029313629493117332, 0.0029499458614736795], "reconstruction_loss": [], "kl_loss": []}