{"loss": [0.11021283268928528, 0.10265743732452393, 0.04809172451496124, 0.025844914838671684, 0.01938304491341114, 0.016612648963928223, 0.01551044825464487, 0.014871382154524326, 0.014496228657662868, 0.014250442385673523, 0.014145184308290482, 0.014032498933374882, 0.01399137731641531, 0.013944015838205814, 0.01381955947726965, 0.013766258955001831, 0.013694114051759243, 0.013653315603733063, 0.013685605488717556, 0.013603650964796543, 0.013522157445549965, 0.013525784015655518, 0.013481584377586842, 0.013371288776397705, 0.013151062652468681, 0.012979798018932343, 0.012831841595470905, 0.012798367068171501, 0.012370689772069454, 0.012105559930205345, 0.012016501277685165, 0.011896532960236073, 0.011645764112472534, 0.011470877565443516, 0.011310846544802189, 0.011121584102511406, 0.011010242626070976, 0.010953975841403008, 0.010823926888406277, 0.01055342610925436, 0.01055616419762373, 0.010506105609238148, 0.010301227681338787, 0.01013073418289423, 0.009978708811104298, 0.009992488659918308, 0.009834323078393936, 0.009641705080866814, 0.009793158620595932, 0.009584891609847546, 0.009454461745917797, 0.009252846240997314, 0.009272797033190727, 0.00905023142695427, 0.008896387182176113, 0.008881828747689724, 0.008677912876009941, 0.008780565112829208, 0.008530032820999622, 0.008418848738074303, 0.008506317622959614, 0.008435387164354324, 0.008317437022924423, 0.00812621135264635, 0.007993621751666069, 0.007864740677177906, 0.007895263843238354, 0.007754001300781965, 0.007654689718037844, 0.007592561189085245, 0.007968508638441563, 0.0075637586414813995, 0.007368483580648899, 0.007266022264957428, 0.007644667290151119, 0.007222773972898722, 0.007112689781934023, 0.006982684601098299, 0.006906273774802685, 0.0068173594772815704, 0.006727054249495268, 0.008047184906899929, 0.007255484815686941, 0.007004085462540388, 0.006768312305212021, 0.0065633635967969894, 0.006449927110224962, 0.006336560007184744, 0.006281920243054628, 0.006204140372574329, 0.006149055901914835, 0.00609460799023509, 0.006048493552953005, 0.00597027875483036, 0.005952982231974602, 0.006035408936440945, 0.005866600200533867, 0.005664674565196037, 0.005592294503003359, 0.005459583830088377], "val_loss": [0.10819949209690094, 0.0641293153166771, 0.02887200377881527, 0.020452789962291718, 0.016062580049037933, 0.014200215227901936, 0.01413522195070982, 0.013221869245171547, 0.012953709810972214, 0.013089360669255257, 0.012711026705801487, 0.012579327449202538, 0.01256293710321188, 0.012516838498413563, 0.012476394884288311, 0.01237636711448431, 0.012439786456525326, 0.012516583316028118, 0.01236188318580389, 0.012260567396879196, 0.01222358550876379, 0.01221239473670721, 0.012119263410568237, 0.01203908585011959, 0.01188646163791418, 0.011506408452987671, 0.011755533516407013, 0.01149696297943592, 0.011441024020314217, 0.011660415679216385, 0.011320806108415127, 0.011071844957768917, 0.010840227827429771, 0.010791855864226818, 0.010637033730745316, 0.010519323870539665, 0.010363404639065266, 0.010328411124646664, 0.010150856338441372, 0.01004523690789938, 0.010020814836025238, 0.009944343008100986, 0.009817179292440414, 0.009682492353022099, 0.009825647808611393, 0.009805304929614067, 0.009464854374527931, 0.009815964847803116, 0.009460333734750748, 0.009233660064637661, 0.009266527369618416, 0.009496568702161312, 0.009034130722284317, 0.008992680348455906, 0.009040309116244316, 0.008705352433025837, 0.008859878405928612, 0.008656979538500309, 0.008686977438628674, 0.008498233743011951, 0.00875329039990902, 0.00841428805142641, 0.008387923240661621, 0.008296524174511433, 0.008233743719756603, 0.008157020434737206, 0.008276831358671188, 0.00823736097663641, 0.008222434669733047, 0.00852531474083662, 0.00813987199217081, 0.0080229751765728, 0.007952992804348469, 0.008163110353052616, 0.008020132780075073, 0.008028429001569748, 0.007852308452129364, 0.007844988256692886, 0.007860603742301464, 0.007780991494655609, 0.00825220625847578, 0.008622998371720314, 0.008194266818463802, 0.00795174390077591, 0.007816617377102375, 0.007778560277074575, 0.007750408258289099, 0.007785888854414225, 0.0077725984156131744, 0.007780309766530991, 0.007848981767892838, 0.007905823178589344, 0.007812479045242071, 0.007936829701066017, 0.00817206408828497, 0.007744142320007086, 0.007738002110272646, 0.007705349009484053, 0.007654029875993729, 0.007665693759918213], "reconstruction_loss": [], "kl_loss": []}