{"loss": [5302.8935546875, 3972.521484375, 3723.455322265625, 3629.92919921875, 3640.395263671875, 3603.364501953125, 3610.044189453125, 3604.965576171875, 3603.947265625, 3604.107666015625, 3621.134765625, 3630.39990234375, 3608.715087890625, 3597.0986328125, 3593.857177734375, 3610.6708984375, 3610.30908203125, 3629.484130859375, 3621.761962890625, 3630.35595703125, 3595.84619140625, 3606.509521484375, 3625.4658203125, 3597.810546875, 3602.562744140625, 3587.41845703125, 3619.042724609375, 3590.771240234375, 3602.284912109375, 3579.33544921875, 3613.095947265625, 3575.796142578125, 3629.763916015625, 3626.522705078125, 3648.4697265625, 3586.424072265625, 3581.6806640625, 3579.994873046875, 3621.11669921875, 3601.953369140625, 3628.271728515625, 3613.6484375, 3584.739013671875, 3612.760986328125, 3636.669189453125, 3639.3408203125, 3617.591552734375, 3627.87841796875, 3611.218994140625, 3606.715087890625, 3604.42822265625, 3569.57373046875, 3583.8623046875, 3626.02490234375, 3583.517822265625, 3589.807373046875, 3625.660400390625, 3606.91748046875, 3621.648681640625, 3638.230712890625, 3583.261474609375, 3595.931396484375, 3612.591064453125, 3616.045166015625, 3594.93994140625, 3590.561767578125, 3590.806396484375, 3600.175537109375, 3597.102783203125, 3580.68798828125, 3590.41162109375, 3620.192138671875, 3608.02490234375, 3614.862548828125, 3620.16845703125, 3652.41259765625, 3592.201904296875, 3621.453857421875, 3605.619384765625, 3598.0693359375, 3608.43798828125, 3629.3935546875, 3647.879638671875, 3619.650634765625, 3616.7255859375, 3617.498779296875, 3603.115234375, 3611.706298828125, 3624.132568359375, 3650.098388671875, 3578.905029296875, 3632.583740234375, 3636.20263671875, 3632.73388671875, 3620.447998046875, 3613.956298828125, 3608.6259765625, 3637.19580078125, 3582.751953125, 3620.255615234375], "val_loss": [4192.333984375, 3327.6474609375, 3189.50244140625, 3092.083740234375, 3116.917724609375, 3186.5419921875, 3098.37109375, 3081.490234375, 3034.334716796875, 3086.19091796875, 3157.563720703125, 3125.511474609375, 3149.14111328125, 3060.058349609375, 3162.61181640625, 3082.77783203125, 3090.77880859375, 3143.378173828125, 3081.4873046875, 3078.297119140625, 3121.875, 3114.193603515625, 3084.278076171875, 3078.0341796875, 3132.479736328125, 3147.2626953125, 3114.825439453125, 3056.1337890625, 3112.57080078125, 3136.636474609375, 3122.682861328125, 3135.286865234375, 3119.735595703125, 3132.99853515625, 3095.33740234375, 3109.576171875, 3132.421630859375, 3102.785888671875, 3143.020263671875, 3193.438720703125, 3088.519775390625, 3086.9453125, 3124.7197265625, 3131.62060546875, 3102.201904296875, 3124.843994140625, 3075.63916015625, 3103.979736328125, 3155.270263671875, 3082.23046875, 3104.452392578125, 3073.97216796875, 3108.780517578125, 3066.09130859375, 3087.953369140625, 3066.925537109375, 3159.98388671875, 3084.619873046875, 3125.44189453125, 3074.833984375, 3058.650146484375, 3089.348388671875, 3112.55615234375, 3109.968017578125, 3082.40185546875, 3134.943603515625, 3037.026123046875, 3012.259521484375, 3117.781494140625, 3111.917236328125, 3128.6240234375, 3109.32958984375, 3025.215576171875, 3070.129150390625, 3156.52978515625, 3174.80615234375, 3123.371826171875, 3132.57080078125, 3100.94287109375, 3127.033203125, 3165.851318359375, 3125.82421875, 3144.467529296875, 3131.447998046875, 3089.273681640625, 3137.35009765625, 3082.736328125, 3137.0126953125, 3170.8994140625, 3149.134033203125, 3180.22509765625, 3144.219482421875, 3153.281005859375, 3181.495361328125, 3170.193115234375, 3041.692138671875, 3174.20166015625, 3061.1025390625, 3080.43505859375, 3121.2783203125], "reconstruction_loss": [], "kl_loss": []}