{"loss": [0.13781064748764038, 0.03573128581047058, 0.02700362354516983, 0.02321244403719902, 0.021064726635813713, 0.01956828311085701, 0.018446853384375572, 0.01756024919450283, 0.01696479320526123, 0.016409974545240402, 0.016011353582143784, 0.01565173827111721, 0.015383531339466572, 0.015127008780837059, 0.014860054478049278, 0.014757881872355938, 0.014724405482411385, 0.01449507661163807, 0.01430427934974432, 0.014132452197372913, 0.014076787047088146, 0.01392257958650589, 0.013763214461505413, 0.013678386807441711, 0.013657167553901672, 0.013489820994436741, 0.013384158723056316, 0.01327443402260542, 0.013138875365257263, 0.013045315630733967, 0.013025501742959023, 0.012985344044864178, 0.012866003438830376, 0.012706436216831207, 0.01255678292363882, 0.012435057200491428, 0.012295059859752655, 0.012224536389112473, 0.012079049833118916, 0.012059040367603302, 0.011964380741119385, 0.011822017841041088, 0.011683818884193897, 0.01158229261636734, 0.011447950266301632, 0.011419741436839104, 0.011273473501205444, 0.011258079670369625, 0.011175453662872314, 0.011114816181361675, 0.010991404764354229, 0.01088293083012104, 0.01086072064936161, 0.010786457918584347, 0.010687833651900291, 0.010584114119410515, 0.010500384494662285, 0.01036637183278799, 0.010411176830530167, 0.010306998156011105, 0.010211718268692493, 0.010196737013757229, 0.010053633712232113, 0.010081537067890167, 0.009990960359573364, 0.009891222231090069, 0.009831598959863186, 0.00973081961274147, 0.009735087864100933, 0.009662064723670483, 0.009622445330023766, 0.009578941389918327, 0.009551908820867538, 0.009610830806195736, 0.00952267274260521, 0.009548369795084, 0.009480125270783901, 0.009423304349184036, 0.00937954057008028, 0.009306315332651138, 0.009269027970731258, 0.009234978817403316, 0.009271015413105488, 0.009237522259354591, 0.009211670607328415, 0.009138322435319424, 0.009249248541891575, 0.009128517471253872, 0.009111681953072548, 0.0090372608974576, 0.008958457969129086, 0.008935550227761269, 0.008866705931723118, 0.008814484812319279, 0.008845191448926926, 0.008762961253523827, 0.008727066218852997, 0.00870587583631277, 0.008659224025905132, 0.008663324639201164], "val_loss": [0.10914809256792068, 0.1061728224158287, 0.1032031998038292, 0.10053259879350662, 0.09861364960670471, 0.09789742529392242, 0.09860944747924805, 0.10064057260751724, 0.10394132882356644, 0.10840623080730438, 0.11337772011756897, 0.11914493143558502, 0.12535084784030914, 0.1317068189382553, 0.13785973191261292, 0.14387015998363495, 0.149878591299057, 0.1556704342365265, 0.16055473685264587, 0.16433121263980865, 0.17041988670825958, 0.1742180585861206, 0.17814520001411438, 0.1819438338279724, 0.18713966012001038, 0.19081814587116241, 0.1939663589000702, 0.19716712832450867, 0.19965460896492004, 0.1998562514781952, 0.2028825283050537, 0.20552100241184235, 0.20625866949558258, 0.20794278383255005, 0.21059361100196838, 0.209063321352005, 0.2131073921918869, 0.2124224454164505, 0.21262376010417938, 0.21395647525787354, 0.21375127136707306, 0.2135085165500641, 0.21654541790485382, 0.21233080327510834, 0.2174508273601532, 0.2109484076499939, 0.21563582122325897, 0.2103373408317566, 0.21502508223056793, 0.21236909925937653, 0.21596659719944, 0.21094125509262085, 0.21069811284542084, 0.21416305005550385, 0.21012340486049652, 0.2095402479171753, 0.20872993767261505, 0.21057212352752686, 0.20565174520015717, 0.20846204459667206, 0.21351802349090576, 0.20921370387077332, 0.2079198807477951, 0.2086600363254547, 0.21153928339481354, 0.20692533254623413, 0.20474909245967865, 0.2007458657026291, 0.2016187459230423, 0.19647467136383057, 0.19672860205173492, 0.19636915624141693, 0.19969160854816437, 0.19496648013591766, 0.19440266489982605, 0.18885493278503418, 0.19659486413002014, 0.19599328935146332, 0.18296405673027039, 0.1888977587223053, 0.18388202786445618, 0.19321900606155396, 0.18220345675945282, 0.17567726969718933, 0.1781792789697647, 0.19235867261886597, 0.18065349757671356, 0.177824005484581, 0.1742430031299591, 0.17796026170253754, 0.17650674283504486, 0.1747094988822937, 0.17721734941005707, 0.16318489611148834, 0.16150252521038055, 0.17022401094436646, 0.1600334644317627, 0.1487877368927002, 0.14087039232254028, 0.15028144419193268]}