{"loss": [4399.5263671875, 3812.306396484375, 3641.150634765625, 3672.91455078125, 3594.295654296875, 3635.970458984375, 3597.90771484375, 3638.093017578125, 3587.6005859375, 3626.62353515625, 3586.31982421875, 3619.576171875, 3586.361083984375, 3603.68359375, 3623.47119140625, 3580.6904296875, 3613.2587890625, 3627.94091796875, 3604.692138671875, 3614.46728515625, 3626.59521484375, 3606.972900390625, 3583.056640625, 3596.500732421875, 3564.851318359375, 3645.876220703125, 3579.156982421875, 3605.154541015625, 3563.6904296875, 3616.9677734375, 3596.7294921875, 3597.787353515625, 3612.469970703125, 3582.386962890625, 3601.84423828125, 3592.044189453125, 3608.176513671875, 3601.946533203125, 3591.36328125, 3581.87646484375, 3619.87744140625, 3603.173828125, 3610.557373046875, 3605.187744140625, 3597.363037109375, 3623.328369140625, 3597.182373046875, 3575.315185546875, 3598.4208984375, 3600.72119140625, 3631.586181640625, 3590.973388671875, 3608.70703125, 3585.75244140625, 3607.10986328125, 3595.119873046875, 3610.947509765625, 3577.226806640625, 3593.55224609375, 3613.16552734375, 3602.7158203125, 3608.555419921875, 3614.0546875, 3600.3046875, 3635.852294921875, 3589.935546875, 3607.67431640625, 3570.748046875, 3629.68017578125, 3600.7021484375, 3594.49853515625, 3601.79833984375, 3594.145263671875, 3621.580078125, 3609.864013671875, 3605.173095703125, 3635.0361328125, 3610.8623046875, 3584.605712890625, 3611.7236328125, 3589.361083984375, 3616.49658203125, 3609.69140625, 3606.119873046875, 3587.293701171875, 3609.356689453125, 3577.069580078125, 3605.52880859375, 3609.1611328125, 3601.7412109375, 3624.681396484375, 3578.218994140625, 3560.515869140625, 3574.038818359375, 3615.8623046875, 3608.052734375, 3587.78564453125, 3585.862548828125, 3627.75146484375, 3592.580810546875], "val_loss": [3312.50439453125, 3068.315673828125, 3153.915283203125, 3110.420166015625, 3112.23095703125, 3087.9140625, 3173.100341796875, 3109.22705078125, 3142.72607421875, 3115.36328125, 3129.43359375, 3091.856689453125, 3062.1435546875, 3074.579833984375, 3062.914794921875, 3134.862060546875, 3105.399658203125, 3107.991455078125, 3135.60791015625, 3101.546142578125, 3115.172607421875, 3054.228271484375, 3049.976318359375, 3092.989501953125, 3100.391357421875, 3138.886962890625, 3120.71337890625, 3086.176025390625, 3122.2578125, 3108.87060546875, 3123.062255859375, 3136.13720703125, 3134.28955078125, 3123.010009765625, 3116.936279296875, 3127.089111328125, 3090.591796875, 3078.894287109375, 3120.6142578125, 3130.232421875, 3093.14453125, 3078.69482421875, 3124.39208984375, 3047.26708984375, 3122.68408203125, 3044.06640625, 3095.4716796875, 3092.952880859375, 3060.34375, 3118.107666015625, 3072.763916015625, 3116.4375, 3116.464111328125, 3111.90869140625, 3060.90185546875, 3080.82666015625, 3084.8876953125, 3067.193115234375, 3063.482666015625, 3081.6357421875, 3108.714599609375, 3052.110595703125, 3116.119873046875, 3077.442138671875, 3032.953369140625, 3152.765380859375, 3053.36669921875, 3064.1982421875, 3136.01611328125, 3063.0947265625, 3093.291748046875, 3112.32763671875, 3112.756103515625, 3149.0302734375, 3068.036376953125, 3089.772216796875, 3080.1484375, 3079.57763671875, 3096.757568359375, 3149.238525390625, 3114.908447265625, 3096.6484375, 3097.126220703125, 3094.526611328125, 3061.857666015625, 3138.103515625, 3059.490966796875, 3058.107666015625, 3099.60546875, 3065.14306640625, 3132.688720703125, 3076.025146484375, 3160.578857421875, 3138.307373046875, 3114.041748046875, 3135.12841796875, 3107.063720703125, 3119.54345703125, 3039.78515625, 3088.432373046875], "reconstruction_loss": [], "kl_loss": []}