{"loss": [0.13172252476215363, 0.040502432733774185, 0.03133762627840042, 0.026471734046936035, 0.02341693639755249, 0.02126431278884411, 0.019631080329418182, 0.01837676577270031, 0.017507700249552727, 0.016830159351229668, 0.01630432717502117, 0.015905722975730896, 0.01552934292703867, 0.015278171747922897, 0.015083602629601955, 0.01487843506038189, 0.014670970849692822, 0.014489869587123394, 0.014317219145596027, 0.01419887226074934, 0.014052500016987324, 0.013937108218669891, 0.01382353063672781, 0.013719742186367512, 0.013736994937062263, 0.013617236167192459, 0.013611591421067715, 0.013481348752975464, 0.013410424813628197, 0.01336257066577673, 0.013273140415549278, 0.01323640625923872, 0.013016101904213428, 0.012988697737455368, 0.012918218970298767, 0.012828432023525238, 0.01273742038756609, 0.012602275237441063, 0.012518010102212429, 0.012421566061675549, 0.012439311482012272, 0.012342933565378189, 0.01220544520765543, 0.012081937864422798, 0.011960884556174278, 0.011907570995390415, 0.011785853654146194, 0.011671781539916992, 0.011789502575993538, 0.011687250807881355, 0.011656777001917362, 0.01151562761515379, 0.011403639800846577, 0.011355049908161163, 0.01121754851192236, 0.011115686036646366, 0.011118111200630665, 0.011110693216323853, 0.011010942049324512, 0.010931492783129215, 0.010882766917347908, 0.010892702266573906, 0.010840445756912231, 0.010727519169449806, 0.010733175091445446, 0.010683059692382812, 0.010621430352330208, 0.010552812367677689, 0.01054110936820507, 0.01044542621821165, 0.010374661535024643, 0.01030592992901802, 0.010256178677082062, 0.01027748454362154, 0.010253390297293663, 0.010196363553404808, 0.010100076906383038, 0.01005343347787857, 0.010007105767726898, 0.010106372646987438, 0.009980090893805027, 0.00987283792346716, 0.009780521504580975, 0.009791713207960129, 0.009669908322393894, 0.009659937582910061, 0.009623220190405846, 0.009617418050765991, 0.009560762904584408, 0.00945373810827732, 0.009557293727993965, 0.009473445825278759, 0.009341332130134106, 0.009400867857038975, 0.009399950504302979, 0.00934959389269352, 0.009215395897626877, 0.009114447981119156, 0.009083457291126251, 0.009057773277163506], "val_loss": [0.10869794338941574, 0.10580632090568542, 0.10395332425832748, 0.10291143506765366, 0.10239650309085846, 0.1025196984410286, 0.10348623991012573, 0.105252206325531, 0.10796798765659332, 0.11159442365169525, 0.11608540266752243, 0.12113199383020401, 0.12680205702781677, 0.13287363946437836, 0.13890232145786285, 0.144861102104187, 0.15085864067077637, 0.15616635978221893, 0.16096721589565277, 0.1667301207780838, 0.17120341956615448, 0.1756475418806076, 0.18034234642982483, 0.18434149026870728, 0.18814337253570557, 0.19225750863552094, 0.19452543556690216, 0.1971089392900467, 0.20003193616867065, 0.2036847621202469, 0.20482932031154633, 0.20728014409542084, 0.21034856140613556, 0.2115911841392517, 0.213477224111557, 0.21518422663211823, 0.21656744182109833, 0.21802495419979095, 0.21947143971920013, 0.22095511853694916, 0.22206822037696838, 0.22329877316951752, 0.2246982604265213, 0.2258388102054596, 0.22729484736919403, 0.22957445681095123, 0.23030219972133636, 0.23048265278339386, 0.23250176012516022, 0.23357141017913818, 0.23405055701732635, 0.23540925979614258, 0.23560743033885956, 0.23586969077587128, 0.23688377439975739, 0.2370508760213852, 0.23681646585464478, 0.23800109326839447, 0.23811876773834229, 0.23822015523910522, 0.23893611133098602, 0.2392369657754898, 0.2391488403081894, 0.24042679369449615, 0.24030078947544098, 0.24081933498382568, 0.24076595902442932, 0.24099600315093994, 0.24077370762825012, 0.24117065966129303, 0.24082927405834198, 0.24044866859912872, 0.24089275300502777, 0.240587517619133, 0.23961524665355682, 0.2395174354314804, 0.23949956893920898, 0.2385551482439041, 0.23793551325798035, 0.23835286498069763, 0.23724113404750824, 0.2363295555114746, 0.23676840960979462, 0.23646175861358643, 0.23731304705142975, 0.2376045286655426, 0.23662465810775757, 0.23727481067180634, 0.23621205985546112, 0.23490838706493378, 0.23512601852416992, 0.23437514901161194, 0.2335490882396698, 0.23328907787799835, 0.23134149610996246, 0.2317913919687271, 0.23018060624599457, 0.22857293486595154, 0.22914975881576538, 0.22677962481975555]}