{"loss": [1.6176261901855469, 0.2083277553319931, 0.058910004794597626, 0.05004478245973587, 0.024405866861343384, 0.01880941540002823, 0.018137987703084946, 0.01506277546286583, 0.012046633288264275, 0.0115042170509696, 0.010895337909460068, 0.010613015852868557, 0.010344533249735832, 0.009973941370844841, 0.009605045430362225, 0.009415177628397942, 0.009104471653699875, 0.008963823318481445, 0.008806750178337097, 0.008657407015562057, 0.008453328162431717, 0.008318455889821053, 0.008119888603687286, 0.00806586816906929, 0.007918003015220165, 0.007771704345941544, 0.007653467357158661, 0.007509143557399511, 0.007384203374385834, 0.007329258602112532, 0.007232181262224913, 0.0071609122678637505, 0.007034169510006905, 0.006977049168199301, 0.006922096014022827, 0.006853143684566021, 0.006664128042757511, 0.006649965886026621, 0.006517690606415272, 0.006559185218065977, 0.006537235341966152, 0.006553164217621088, 0.0067854695953428745, 0.006468641106039286, 0.006678180303424597, 0.006806602235883474, 0.006535683758556843, 0.0067350976169109344, 0.006667420733720064, 0.006315725855529308], "val_loss": [0.4506634473800659, 0.05298984795808792, 0.05078565329313278, 0.024571971967816353, 0.017888406291604042, 0.014408066868782043, 0.015221123583614826, 0.01114090159535408, 0.011124689131975174, 0.01065930537879467, 0.01003059558570385, 0.009446111507713795, 0.00917331874370575, 0.008837755769491196, 0.009106546640396118, 0.00869649089872837, 0.00841139443218708, 0.00823224987834692, 0.008248109370470047, 0.00799727812409401, 0.007882654666900635, 0.007718016393482685, 0.007430235389620066, 0.007589348126202822, 0.007229771465063095, 0.007093062624335289, 0.007304114289581776, 0.0070841130800545216, 0.0070197065360844135, 0.006911389995366335, 0.00692798150703311, 0.006565334275364876, 0.006798858754336834, 0.006772361695766449, 0.006386040709912777, 0.006361149717122316, 0.006681308150291443, 0.006352175958454609, 0.006215830333530903, 0.00633229548111558, 0.006163300015032291, 0.007207302376627922, 0.006163257639855146, 0.006499414797872305, 0.0064508006907999516, 0.00655188225209713, 0.006269390694797039, 0.006544528529047966, 0.005943492520600557, 0.005820597521960735], "reconstruction_loss": [], "kl_loss": []}