{"loss": [4416.98681640625, 3990.548828125, 3792.236328125, 3696.4990234375, 3677.667724609375, 3660.11328125, 3625.271484375, 3630.320556640625, 3611.238037109375, 3620.0146484375, 3608.2919921875, 3621.00390625, 3593.822509765625, 3620.981689453125, 3639.20849609375, 3580.164306640625, 3595.573486328125, 3609.65625, 3616.849365234375, 3577.95068359375, 3621.50732421875, 3639.925048828125, 3598.353271484375, 3614.809814453125, 3592.061767578125, 3601.86083984375, 3592.73828125, 3637.73193359375, 3590.7822265625, 3569.191162109375, 3604.078857421875, 3581.086181640625, 3603.142822265625, 3568.57763671875, 3621.04833984375, 3603.591796875, 3603.16162109375, 3615.989013671875, 3612.504150390625, 3602.08203125, 3594.03173828125, 3577.91748046875, 3612.056396484375, 3622.786376953125, 3598.169189453125, 3597.28955078125, 3615.81396484375, 3589.4111328125, 3616.784423828125, 3629.683349609375, 3594.4794921875, 3606.443603515625, 3613.5009765625, 3615.41259765625, 3603.699462890625, 3594.239501953125, 3612.67626953125, 3629.08544921875, 3588.5693359375, 3597.04248046875, 3579.495849609375, 3580.0888671875, 3596.0576171875, 3612.3564453125, 3585.501220703125, 3634.449951171875, 3610.12353515625, 3627.515625, 3646.777099609375, 3614.875244140625, 3626.529541015625, 3585.896240234375, 3610.99853515625, 3626.93798828125, 3597.778564453125, 3609.364990234375, 3632.555419921875, 3643.302490234375, 3589.781005859375, 3621.941162109375, 3616.934814453125, 3590.596435546875, 3626.12109375, 3582.564453125, 3590.862060546875, 3608.91455078125, 3581.8642578125, 3616.721923828125, 3602.81640625, 3579.33349609375, 3605.241455078125, 3591.955322265625, 3587.659423828125, 3619.660400390625, 3590.885498046875, 3603.329345703125, 3585.978271484375, 3600.629638671875, 3594.78271484375, 3616.570556640625], "val_loss": [3729.156494140625, 3491.660888671875, 3267.428466796875, 3206.66796875, 3165.719970703125, 3063.522705078125, 3111.1796875, 3090.363037109375, 3102.211181640625, 3085.55078125, 3097.015869140625, 3147.0341796875, 3107.537841796875, 3072.150634765625, 3062.223876953125, 3079.2841796875, 3071.06494140625, 3074.14892578125, 3117.71533203125, 3115.9814453125, 3090.36962890625, 3099.615478515625, 3111.081787109375, 3117.97705078125, 3098.628173828125, 3056.01318359375, 3062.457763671875, 3115.547119140625, 3127.746826171875, 3143.35205078125, 3106.17138671875, 3097.19921875, 3069.571533203125, 3123.903076171875, 3132.908447265625, 3102.904296875, 3081.1005859375, 3067.04296875, 3065.563232421875, 3105.27783203125, 3080.074462890625, 3090.733642578125, 3082.5703125, 3085.055908203125, 3096.0908203125, 3068.6279296875, 3074.396484375, 3098.296630859375, 3103.8544921875, 3140.233642578125, 3075.031494140625, 3094.38916015625, 3114.458984375, 3120.186279296875, 3112.369873046875, 3139.30908203125, 3099.321044921875, 3060.5869140625, 3055.8046875, 3101.7607421875, 3094.357421875, 3096.90087890625, 3049.255126953125, 3105.942626953125, 3078.9716796875, 3116.316650390625, 3084.4453125, 3098.603759765625, 3115.46728515625, 3072.291259765625, 3109.44580078125, 3066.67138671875, 3108.986083984375, 3060.2099609375, 3097.431884765625, 3076.55517578125, 3102.80810546875, 3113.947998046875, 3107.406005859375, 3118.44384765625, 3110.12744140625, 3127.9443359375, 3069.01171875, 3110.131103515625, 3089.051025390625, 3115.114990234375, 3078.1572265625, 3105.43017578125, 3085.4248046875, 3107.6689453125, 3107.564453125, 3070.637939453125, 3054.3681640625, 3120.83203125, 3059.464111328125, 3056.74169921875, 3076.12646484375, 3110.702880859375, 3111.69580078125, 3136.207763671875], "reconstruction_loss": [], "kl_loss": []}