{"loss": [4680.47119140625, 4052.550537109375, 3620.6123046875, 3597.693603515625, 3634.607177734375, 3586.118896484375, 3605.250244140625, 3630.618408203125, 3573.27685546875, 3586.1376953125, 3617.805908203125, 3632.88134765625, 3593.23583984375, 3608.689453125, 3590.61767578125, 3628.073974609375, 3594.068115234375, 3603.8642578125, 3591.42626953125, 3587.555908203125, 3609.374267578125, 3644.074462890625, 3591.410400390625, 3597.96337890625, 3596.49609375, 3587.074462890625, 3643.39990234375, 3602.4296875, 3623.738037109375, 3602.8251953125, 3629.711181640625, 3590.911376953125, 3619.363037109375, 3588.76708984375, 3576.422119140625, 3607.478515625, 3607.836181640625, 3622.353515625, 3604.875, 3616.25146484375, 3633.5556640625, 3616.777099609375, 3573.263671875, 3621.6904296875, 3600.49755859375, 3595.8095703125, 3615.770263671875, 3614.82763671875, 3599.270263671875, 3598.126953125, 3623.804443359375, 3591.623046875, 3644.398681640625, 3618.947265625, 3647.7158203125, 3629.2939453125, 3618.482666015625, 3605.298095703125, 3614.803466796875, 3606.88427734375, 3598.521728515625, 3616.142333984375, 3607.5078125, 3611.491455078125, 3597.433349609375, 3591.364501953125, 3620.89599609375, 3624.56298828125, 3609.416259765625, 3583.740478515625, 3616.78076171875, 3620.196533203125, 3570.499755859375, 3587.903564453125, 3619.60791015625, 3612.861328125, 3594.28173828125, 3619.51416015625, 3619.739013671875, 3615.62255859375, 3578.646728515625, 3595.966552734375, 3593.802001953125, 3587.92431640625, 3616.25439453125, 3636.974365234375, 3602.89013671875, 3598.73193359375, 3587.51806640625, 3598.68701171875, 3617.80517578125, 3584.0029296875, 3612.939453125, 3641.363037109375, 3598.167724609375, 3607.194580078125, 3605.13330078125, 3611.135009765625, 3626.188720703125, 3612.5556640625], "val_loss": [4016.228515625, 3101.91796875, 3144.72607421875, 3133.801513671875, 3098.950439453125, 3160.683349609375, 3119.0390625, 3148.018310546875, 3131.48681640625, 3099.673828125, 3097.460205078125, 3095.87353515625, 3097.836181640625, 3072.446044921875, 3099.981689453125, 3113.09130859375, 3087.708740234375, 3130.501953125, 3062.69189453125, 3091.83935546875, 3074.3974609375, 3132.457763671875, 3135.55078125, 3077.646484375, 3136.41357421875, 3112.604736328125, 3097.839599609375, 3087.212158203125, 3096.9658203125, 3130.035888671875, 3059.511962890625, 3093.46533203125, 3134.68994140625, 3112.154052734375, 3103.13134765625, 3098.749267578125, 3072.769287109375, 3095.064453125, 3064.25634765625, 3108.576904296875, 3118.9775390625, 3153.77392578125, 3132.22119140625, 3063.97216796875, 3154.535888671875, 3181.77783203125, 3080.08935546875, 3098.548095703125, 3109.881591796875, 3032.933349609375, 3106.66943359375, 3113.46875, 3150.609130859375, 3111.108642578125, 3135.275634765625, 3055.85107421875, 3101.707763671875, 3119.404296875, 3106.30615234375, 3073.806396484375, 3081.002197265625, 3146.9775390625, 3155.70068359375, 3116.492431640625, 3095.6044921875, 3134.80908203125, 3083.357666015625, 3090.693115234375, 3097.295654296875, 3157.579345703125, 3064.50634765625, 3126.48583984375, 3107.7275390625, 3117.988525390625, 3085.238037109375, 3154.48095703125, 3101.34716796875, 3129.682373046875, 3121.108642578125, 3082.37890625, 3036.201416015625, 3092.5693359375, 3164.87744140625, 3086.4033203125, 3124.1533203125, 3129.84912109375, 3121.529296875, 3044.34130859375, 3088.719482421875, 3044.741455078125, 3084.972900390625, 3063.479736328125, 3060.746826171875, 3083.488525390625, 3125.265869140625, 3141.89013671875, 3098.90478515625, 3094.696533203125, 3094.0185546875, 3096.403076171875], "reconstruction_loss": [], "kl_loss": []}