{"loss": [0.13172252476215363, 0.040502432733774185, 0.03133762627840042, 0.026471734046936035, 0.02341693639755249, 0.02126431278884411, 0.019631080329418182, 0.01837676577270031, 0.017507700249552727, 0.016830159351229668, 0.01630432717502117, 0.015905722975730896, 0.01552934292703867, 0.015278171747922897, 0.015083602629601955, 0.01487843506038189, 0.014670970849692822, 0.014489869587123394, 0.014317219145596027, 0.01419887226074934, 0.014052500016987324, 0.013937108218669891, 0.01382353063672781, 0.013719742186367512, 0.013736994937062263, 0.013617236167192459, 0.013611591421067715, 0.013481348752975464, 0.013410424813628197, 0.01336257066577673, 0.013273140415549278, 0.01323640625923872, 0.013016101904213428, 0.012988697737455368, 0.012918218970298767, 0.012828432023525238, 0.01273742038756609, 0.012602275237441063, 0.012518010102212429, 0.012421566061675549, 0.012439311482012272, 0.012342933565378189, 0.01220544520765543, 0.012081937864422798, 0.011960884556174278, 0.011907570995390415, 0.011785853654146194, 0.011671781539916992, 0.011789502575993538, 0.011687250807881355], "val_loss": [0.10869794338941574, 0.10580632090568542, 0.10395332425832748, 0.10291143506765366, 0.10239650309085846, 0.1025196984410286, 0.10348623991012573, 0.105252206325531, 0.10796798765659332, 0.11159442365169525, 0.11608540266752243, 0.12113199383020401, 0.12680205702781677, 0.13287363946437836, 0.13890232145786285, 0.144861102104187, 0.15085864067077637, 0.15616635978221893, 0.16096721589565277, 0.1667301207780838, 0.17120341956615448, 0.1756475418806076, 0.18034234642982483, 0.18434149026870728, 0.18814337253570557, 0.19225750863552094, 0.19452543556690216, 0.1971089392900467, 0.20003193616867065, 0.2036847621202469, 0.20482932031154633, 0.20728014409542084, 0.21034856140613556, 0.2115911841392517, 0.213477224111557, 0.21518422663211823, 0.21656744182109833, 0.21802495419979095, 0.21947143971920013, 0.22095511853694916, 0.22206822037696838, 0.22329877316951752, 0.2246982604265213, 0.2258388102054596, 0.22729484736919403, 0.22957445681095123, 0.23030219972133636, 0.23048265278339386, 0.23250176012516022, 0.23357141017913818]}