{"loss": [0.1672646403312683, 0.15361066162586212, 0.08407643437385559], "val_loss": [0.15853479504585266, 0.1187664270401001, 0.03792832791805267], "reconstruction_loss": [], "kl_loss": []}