{"loss": [126.900634765625, 76.055908203125, 2459.41064453125, 8187.6591796875, 63604.80859375, 6707.83056640625, 19392.6875, 991.1030883789062, 10886.9814453125, 9613.314453125, 33412.3125, 2526.8759765625, 3042.638427734375, 6395.1767578125, 1058.556396484375, 1385.526123046875, 338.8358459472656, 119.76866149902344, 34469.90625, 4306598.0], "val_loss": [107.62506866455078, 26.01754379272461, 19.122774124145508, 143352.75, 13.948927879333496, 2247.478759765625, 2708.20654296875, 10739.8720703125, 4141.49560546875, 8523.04296875, 4012.70166015625, 2838.5986328125, 11920.673828125, 669.225830078125, 719.831787109375, 361.2059020996094, 110.46961212158203, 64.85971069335938, 1070.55224609375, 20810.818359375], "reconstruction_loss": [], "kl_loss": []}