{"loss": [0.11110576242208481, 0.09704237431287766, 0.1091729998588562, 0.07396727800369263, 0.0603964626789093, 0.045310430228710175, 0.03467373177409172, 0.030549868941307068, 0.02563932165503502, 0.023464791476726532, 0.020924095064401627, 0.018950914964079857, 0.01761859841644764, 0.016484513878822327, 0.015422829426825047, 0.01475216168910265, 0.01434217020869255, 0.014053795486688614, 0.013831479474902153, 0.013615447096526623, 0.013473191298544407, 0.013357906602323055, 0.013252678327262402, 0.013183193281292915, 0.013129386119544506, 0.013092032633721828, 0.013064955361187458, 0.013056926429271698, 0.012989554554224014, 0.012921727262437344, 0.012898482382297516, 0.012871271930634975, 0.01285664364695549, 0.01282945740967989, 0.012817822396755219, 0.012798978947103024, 0.012778723612427711, 0.012780318036675453, 0.012754412367939949, 0.012730800546705723, 0.012731288559734821, 0.012708543799817562, 0.012695539742708206, 0.012684553861618042, 0.012726862914860249, 0.012702750973403454, 0.012690282426774502, 0.012646706774830818, 0.012647981755435467, 0.012623162008821964], "val_loss": [0.10856213420629501, 0.13758160173892975, 0.07255373895168304, 0.06864695996046066, 0.04608846828341484, 0.03942296281456947, 0.031615693122148514, 0.027332207188010216, 0.02515115775167942, 0.02138039842247963, 0.019958313554525375, 0.01881590485572815, 0.017100507393479347, 0.016116494312882423, 0.015158748254179955, 0.014567042700946331, 0.014322918839752674, 0.014146577566862106, 0.013900753110647202, 0.013716276735067368, 0.013635164126753807, 0.013545245863497257, 0.013545871712267399, 0.013408657163381577, 0.013339213095605373, 0.013424931094050407, 0.013246101327240467, 0.013340638019144535, 0.013177850283682346, 0.01320008933544159, 0.013143172487616539, 0.013192477636039257, 0.013143278658390045, 0.013057280331850052, 0.013126244768500328, 0.01307020802050829, 0.013020660728216171, 0.013140714727342129, 0.012983810156583786, 0.013025715947151184, 0.01298328023403883, 0.012997831217944622, 0.012978148646652699, 0.01296752318739891, 0.013043653219938278, 0.013000345788896084, 0.01290032360702753, 0.013000404462218285, 0.01296447217464447, 0.012872239574790001]}