{"loss": [0.8666296005249023, 0.5384981632232666, 0.47422853112220764, 0.156480610370636, 0.15460827946662903, 0.07077015191316605, 0.03658365458250046, 0.022959496825933456, 0.01713201217353344, 0.01570025458931923, 0.013337632641196251, 0.011057090014219284, 0.00877477414906025, 0.007246800698339939, 0.006590849719941616, 0.005638458766043186, 0.005109000951051712, 0.0046599432826042175, 0.004201960749924183, 0.003862920915707946, 0.0035628832411020994, 0.003354007611051202, 0.0031351863872259855, 0.002999768825247884, 0.002834049053490162, 0.0027724180836230516, 0.0026079362723976374, 0.0025161835364997387, 0.0024413771461695433, 0.002358990488573909], "val_loss": [0.2892358601093292, 0.7415700554847717, 0.11485879123210907, 0.1589357852935791, 0.07988081872463226, 0.03849739208817482, 0.022344645112752914, 0.01488080807030201, 0.013630323112010956, 0.012415176257491112, 0.010234071873128414, 0.009098483249545097, 0.007867102511227131, 0.007958040572702885, 0.0075216833502054214, 0.006309244316071272, 0.006226982455700636, 0.006164473947137594, 0.0057484847493469715, 0.005702965427190065, 0.0054397922940552235, 0.00537654384970665, 0.005194935481995344, 0.005063183140009642, 0.004925875458866358, 0.004960975609719753, 0.004881219007074833, 0.004755660891532898, 0.004672481678426266, 0.0046373228542506695], "reconstruction_loss": [], "kl_loss": []}