{"loss": [0.26345208287239075, 0.24179811775684357, 0.19073574244976044, 0.10281293094158173, 0.04631262272596359, 0.05128876492381096, 0.021050935611128807, 0.021636221557855606, 0.023142285645008087, 0.017861902713775635, 0.017094269394874573, 0.01659967377781868, 0.013741978444159031, 0.014132879674434662, 0.01357313059270382, 0.013029486872255802, 0.013084202073514462, 0.012620770372450352, 0.012531033717095852, 0.0124753313139081, 0.012300040572881699, 0.012289922684431076, 0.012177498079836369, 0.012140313163399696, 0.012102019041776657, 0.012058005668222904, 0.012038028798997402, 0.011997099965810776, 0.01198124885559082, 0.01195596158504486, 0.011936242692172527, 0.01191885955631733, 0.011903232894837856, 0.011885407380759716, 0.011872967705130577, 0.011859708465635777, 0.01184516679495573, 0.011833025142550468, 0.011820723302662373, 0.011809236370027065, 0.011799203231930733, 0.011789417825639248, 0.011775532737374306, 0.011764636263251305, 0.011755470186471939, 0.011745989322662354, 0.011734357103705406, 0.011725826188921928, 0.011717179790139198, 0.01170819066464901], "val_loss": [0.24588406085968018, 0.20751795172691345, 0.1291947215795517, 0.04610811918973923, 0.05894187465310097, 0.026259100064635277, 0.01945180632174015, 0.024120504036545753, 0.019240811467170715, 0.01666902005672455, 0.017625408247113228, 0.014266096986830235, 0.014067091047763824, 0.01402828749269247, 0.013251644559204578, 0.01343487948179245, 0.013057000935077667, 0.012779757380485535, 0.01280343160033226, 0.012588072568178177, 0.012585016898810863, 0.012483007274568081, 0.012402261607348919, 0.012392806820571423, 0.012340438552200794, 0.012334957718849182, 0.012284516356885433, 0.012261918745934963, 0.012233366258442402, 0.012212694622576237, 0.012195087037980556, 0.012173626571893692, 0.012164589017629623, 0.012165901251137257, 0.012159440666437149, 0.012137272395193577, 0.012110798619687557, 0.012090787291526794, 0.012084398418664932, 0.01208755187690258, 0.012080809101462364, 0.012053360231220722, 0.012044002301990986, 0.01204311940819025, 0.01203120592981577, 0.012019449844956398, 0.012007351033389568, 0.011999551206827164, 0.011990049853920937, 0.011975540779531002]}