{"loss": [0.1672646403312683, 0.15361066162586212, 0.08407643437385559, 0.025874357670545578, 0.01188434474170208, 0.010831013321876526], "val_loss": [0.15853479504585266, 0.1187664270401001, 0.03792832791805267, 0.012596516869962215, 0.01286725327372551, 0.010573933832347393], "reconstruction_loss": [], "kl_loss": []}