{"loss": [0.1048855260014534, 0.035215072333812714, 0.01761208474636078, 0.015193440951406956, 0.014422987587749958, 0.01420309953391552, 0.013940227217972279, 0.013863569125533104, 0.013785473071038723, 0.013748734258115292, 0.013713866472244263, 0.013729450292885303, 0.013540295884013176, 0.013454183004796505, 0.01348610408604145, 0.013312123715877533, 0.013357169926166534, 0.013058669865131378, 0.012888770550489426, 0.014045178890228271, 0.013207051903009415, 0.01275941263884306, 0.01239474955946207, 0.012131945230066776, 0.012298766523599625, 0.012697814963757992, 0.012298046611249447, 0.011865989305078983, 0.01162097416818142, 0.011698000133037567, 0.01134558953344822, 0.01120730396360159, 0.011085888370871544, 0.010980263352394104, 0.011020463891327381, 0.010758246295154095, 0.010853747837245464, 0.010514882393181324, 0.01037931814789772, 0.010566186159849167, 0.010212335735559464, 0.010218103416264057, 0.01008633617311716, 0.009803897701203823, 0.00967571884393692, 0.00966326892375946, 0.009665021672844887, 0.009589261375367641, 0.009603051468729973, 0.009548502042889595, 0.009199719876050949, 0.009065740741789341, 0.008970700204372406, 0.008827370591461658, 0.008677220903337002, 0.008777257055044174, 0.008457469753921032, 0.008447681553661823, 0.009139001369476318, 0.008376128040254116, 0.00821372028440237, 0.008006436750292778, 0.007857087068259716, 0.0076705594547092915, 0.007553402800112963, 0.007574815768748522, 0.007838143967092037, 0.0074752578511834145, 0.007280292455106974, 0.007026167120784521, 0.006837858352810144, 0.0067373826168477535, 0.006544673349708319, 0.007105852477252483, 0.006723973900079727, 0.006373395211994648, 0.006222282536327839, 0.006055280100554228, 0.005926028359681368, 0.005860061384737492, 0.005799619480967522, 0.005493937060236931, 0.005454553756862879, 0.005471779499202967, 0.0051607126370072365, 0.005014672875404358, 0.004795609507709742, 0.005126658361405134, 0.005232191178947687, 0.005153810605406761, 0.004739739932119846, 0.004613230004906654, 0.004372457507997751, 0.004169469699263573, 0.004420968238264322, 0.0040244460105896, 0.0038906093686819077, 0.003752818563953042, 0.003718368010595441, 0.00359796779230237, 0.003484180197119713, 0.003382408758625388, 0.0038032992742955685, 0.004108635243028402, 0.0038217997644096613, 0.003612987929955125, 0.0033497188705950975, 0.003184984205290675, 0.003071440616622567], "val_loss": [0.04898271709680557, 0.018533704802393913, 0.014842075295746326, 0.013625587336719036, 0.013136044144630432, 0.012637593783438206, 0.012607035227119923, 0.012631871737539768, 0.01273393165320158, 0.012583177536725998, 0.012822553515434265, 0.01244437787681818, 0.012187942862510681, 0.012264461256563663, 0.012214118614792824, 0.012548401020467281, 0.011927383951842785, 0.011824777349829674, 0.012239866890013218, 0.012079741805791855, 0.011801575310528278, 0.011632528156042099, 0.011424288153648376, 0.011166684329509735, 0.012214407324790955, 0.011947287246584892, 0.011323705315589905, 0.011007515713572502, 0.01105751283466816, 0.011067868210375309, 0.010740448720753193, 0.010835684835910797, 0.010506650432944298, 0.010614607483148575, 0.010346588678658009, 0.01065122801810503, 0.010193413123488426, 0.010092022828757763, 0.010181101970374584, 0.009945305064320564, 0.009872842580080032, 0.010166331194341183, 0.009665531106293201, 0.00960531271994114, 0.0095957200974226, 0.00982158724218607, 0.009464655071496964, 0.009801809675991535, 0.010118097998201847, 0.009309991262853146, 0.009161784313619137, 0.00903581827878952, 0.00910050980746746, 0.008960215374827385, 0.009486607275903225, 0.008903417736291885, 0.008682779036462307, 0.010412722826004028, 0.008881407789885998, 0.008955767378211021, 0.008562503382563591, 0.00847898330539465, 0.008416959084570408, 0.00846060924232006, 0.00831094291061163, 0.009099803864955902, 0.008914878591895103, 0.008568718098104, 0.008401397615671158, 0.008125818334519863, 0.008177612908184528, 0.00809693243354559, 0.0080513721331954, 0.00814582034945488, 0.00826321355998516, 0.00804564543068409, 0.008114157244563103, 0.008106839843094349, 0.008039976470172405, 0.00815855897963047, 0.008109064772725105, 0.008160270750522614, 0.00836887862533331, 0.008115217089653015, 0.008224984630942345, 0.008235285058617592, 0.008311264216899872, 0.008972343988716602, 0.008745526894927025, 0.008493529632687569, 0.008669384755194187, 0.008427375927567482, 0.008358878083527088, 0.008854945190250874, 0.008429711684584618, 0.008439327590167522, 0.008459706790745258, 0.008510720916092396, 0.008567411452531815, 0.008657117374241352, 0.008644088171422482, 0.008637715131044388, 0.008691306225955486, 0.009183296002447605, 0.008971735835075378, 0.008777388371527195, 0.008802433498203754, 0.008790827356278896, 0.008794077672064304], "reconstruction_loss": [], "kl_loss": []}