{"loss": [0.12597578763961792, 0.0371694415807724, 0.02559368871152401, 0.021607035771012306, 0.019444186240434647, 0.018073156476020813, 0.01713443361222744, 0.016438525170087814, 0.01589655689895153, 0.015466337092220783, 0.015101740136742592, 0.014762405306100845, 0.01453867182135582, 0.014363761059939861, 0.014009159058332443, 0.013867206871509552, 0.013648344203829765, 0.013532127253711224, 0.013464315794408321, 0.01338921207934618, 0.01318349689245224, 0.013096041046082973, 0.012952311895787716, 0.01284361444413662, 0.01275722123682499, 0.01264916267246008, 0.012624723836779594, 0.012390794232487679, 0.01222056895494461, 0.012024757452309132, 0.011905557475984097, 0.011783969588577747, 0.011728222481906414, 0.01155884563922882, 0.01146604586392641, 0.011440400965511799, 0.011393462307751179, 0.011210857890546322, 0.011123685166239738, 0.011145032942295074, 0.01099142711609602, 0.010887467302381992, 0.010856322012841702, 0.010673445649445057, 0.010541519150137901, 0.010450135916471481, 0.010404945351183414, 0.010480682365596294, 0.010404746979475021, 0.010363618843257427], "val_loss": [0.1076422706246376, 0.10446808487176895, 0.1026369109749794, 0.10059010982513428, 0.09890422970056534, 0.09825415164232254, 0.0985003337264061, 0.09933633357286453, 0.10095919668674469, 0.10269474983215332, 0.10564875602722168, 0.1079348474740982, 0.11255788803100586, 0.11573610454797745, 0.11863541603088379, 0.12311798334121704, 0.12518873810768127, 0.1299905925989151, 0.13201729953289032, 0.13652034103870392, 0.1391144096851349, 0.1425429880619049, 0.1479429006576538, 0.15085774660110474, 0.1525438278913498, 0.15723606944084167, 0.16060690581798553, 0.16136862337589264, 0.16339804232120514, 0.16621443629264832, 0.17077431082725525, 0.1710449457168579, 0.17456480860710144, 0.1760849803686142, 0.17444682121276855, 0.1786273717880249, 0.18187536299228668, 0.1830415278673172, 0.1841237097978592, 0.1862252950668335, 0.18724898993968964, 0.18807336688041687, 0.19033125042915344, 0.18848662078380585, 0.18853598833084106, 0.19041579961776733, 0.1832415759563446, 0.18746323883533478, 0.1670178323984146, 0.16127656400203705]}