{"loss": [0.12394174933433533, 0.03317318856716156, 0.025303281843662262, 0.021150605753064156, 0.018981141969561577, 0.01763281226158142, 0.01672236993908882, 0.01612960547208786, 0.015547293238341808, 0.015288665890693665, 0.014801760204136372, 0.014435757882893085, 0.014109293930232525, 0.013885830529034138, 0.013560856692492962, 0.01337097492069006, 0.01320865098387003, 0.013113345950841904, 0.012968276627361774, 0.012851900421082973, 0.012730876915156841, 0.01264167856425047, 0.01252696756273508, 0.01239315327256918, 0.01226874254643917, 0.012175638228654861, 0.012125407345592976, 0.012290033511817455, 0.012017984874546528, 0.011951225809752941, 0.011820357292890549, 0.011760138906538486, 0.011674684472382069, 0.011539981700479984, 0.01156702172011137, 0.011516825295984745, 0.01156553067266941, 0.011437449604272842, 0.011402786709368229, 0.011372051201760769, 0.011228390969336033, 0.01114310696721077, 0.011031831614673138, 0.011000205762684345, 0.010895978659391403, 0.010857597924768925, 0.010669805109500885, 0.010649487376213074, 0.010568528436124325, 0.010483158752322197], "val_loss": [0.1082460954785347, 0.10495542734861374, 0.10220227390527725, 0.09953418374061584, 0.09657137840986252, 0.09362945705652237, 0.09060457348823547, 0.08830121904611588, 0.08576513826847076, 0.08349860459566116, 0.08084108680486679, 0.07978353649377823, 0.07838757336139679, 0.07822135835886002, 0.07814909517765045, 0.07852979749441147, 0.078005850315094, 0.07751715928316116, 0.07862919569015503, 0.07888977229595184, 0.07722923159599304, 0.07847587764263153, 0.07877563685178757, 0.07951508462429047, 0.07879804819822311, 0.08047410100698471, 0.07975933700799942, 0.08014897257089615, 0.08229046314954758, 0.08151403069496155, 0.08022837340831757, 0.07996980845928192, 0.08260194957256317, 0.07835980504751205, 0.07984945923089981, 0.08013994246721268, 0.07771369814872742, 0.08028340339660645, 0.07744987308979034, 0.07921271026134491, 0.07954010367393494, 0.07950359582901001, 0.07763339579105377, 0.07963159680366516, 0.07817094027996063, 0.07887051999568939, 0.07640646398067474, 0.07264299690723419, 0.07425346970558167, 0.07693652808666229]}