{"loss": [4220.46240234375, 3721.799072265625, 3624.010986328125, 3642.265625, 3628.68896484375, 3581.457275390625, 3605.975830078125, 3617.659912109375, 3611.09521484375, 3619.66064453125, 3658.13818359375, 3604.4248046875, 3605.986083984375, 3611.841064453125, 3611.76611328125, 3591.26171875, 3598.48046875, 3593.158447265625, 3591.97119140625, 3634.2353515625, 3614.006591796875, 3609.484130859375, 3583.102783203125, 3623.260009765625, 3594.84814453125, 3614.421875, 3614.896240234375, 3597.20654296875, 3585.689208984375, 3603.2275390625, 3606.44091796875, 3616.10888671875, 3583.060546875, 3633.1728515625, 3590.761474609375, 3579.710693359375, 3620.724609375, 3594.769287109375, 3603.522216796875, 3628.9189453125, 3616.93408203125, 3624.4638671875, 3638.181396484375, 3601.40625, 3608.19970703125, 3593.948974609375, 3594.7275390625, 3592.038330078125, 3633.2587890625, 3616.88916015625, 3609.68701171875, 3622.2724609375, 3595.025390625, 3599.335205078125, 3609.6611328125, 3586.852783203125, 3580.851806640625, 3607.462890625, 3591.786376953125, 3586.04345703125, 3600.620361328125, 3625.0185546875, 3620.042724609375, 3614.516357421875, 3621.601806640625, 3613.095947265625, 3608.006591796875, 3599.4248046875, 3603.269287109375, 3590.8271484375, 3606.07177734375, 3599.7236328125, 3613.51513671875, 3579.756103515625, 3596.687255859375, 3617.73046875, 3605.712890625, 3565.75146484375, 3623.72119140625, 3588.07373046875, 3577.324951171875, 3617.3720703125, 3621.5263671875, 3582.787109375, 3596.44091796875, 3572.978759765625, 3577.9208984375, 3612.717041015625, 3609.972900390625, 3623.017822265625, 3590.953857421875, 3589.684814453125, 3582.90625, 3615.082275390625, 3603.295654296875, 3599.871826171875, 3593.05322265625, 3586.607666015625, 3598.611083984375, 3616.010986328125], "val_loss": [3255.84228515625, 3203.580078125, 3116.37939453125, 3088.259033203125, 3057.685546875, 3138.354248046875, 3095.437255859375, 3176.524658203125, 3093.365234375, 3127.53466796875, 3087.28271484375, 3140.608642578125, 3091.38037109375, 3181.593505859375, 3128.5703125, 3064.779296875, 3097.608642578125, 3093.708984375, 3126.724365234375, 3070.99609375, 3088.085205078125, 3083.6123046875, 3113.167724609375, 3055.640869140625, 3131.93505859375, 3064.904052734375, 3070.055908203125, 3130.810302734375, 3089.4140625, 3059.192138671875, 3116.61279296875, 3164.21533203125, 3130.458984375, 3086.618896484375, 3113.84521484375, 3082.12158203125, 3124.979248046875, 3114.38134765625, 3171.510009765625, 3085.810546875, 3095.328369140625, 3065.38232421875, 3077.15478515625, 3102.5810546875, 3100.42041015625, 3087.0693359375, 3073.333740234375, 3133.526611328125, 3084.171630859375, 3114.30712890625, 3095.27587890625, 3067.15771484375, 3055.076416015625, 3094.3828125, 3069.167724609375, 3128.91064453125, 3086.76708984375, 3043.38134765625, 3115.7265625, 3167.323486328125, 3128.688232421875, 3080.728271484375, 3142.77587890625, 3119.1787109375, 3097.811279296875, 3090.526123046875, 3118.647705078125, 3059.814697265625, 3128.610595703125, 3138.78466796875, 3161.514404296875, 3135.94140625, 3191.28271484375, 3116.76708984375, 3081.763916015625, 3068.3056640625, 3110.98291015625, 3101.093994140625, 3088.79345703125, 3127.5029296875, 3090.495361328125, 3142.9482421875, 3130.36865234375, 3100.79931640625, 3083.907470703125, 3101.78662109375, 3125.712646484375, 3102.535400390625, 3088.76318359375, 3088.90087890625, 3089.34716796875, 3105.89453125, 3146.5244140625, 3095.291015625, 3137.574462890625, 3069.468505859375, 3142.65478515625, 3105.87890625, 3068.4560546875, 3092.99169921875], "reconstruction_loss": [], "kl_loss": []}