{"loss": [0.01522824726998806, 0.006351805292069912, 0.006235935725271702, 0.005964352749288082, 0.004732126370072365, 0.004027507267892361, 0.003978248219937086, 0.003910542000085115, 0.00382017414085567, 0.003692277707159519, 0.003658898873254657], "val_loss": [0.006263218820095062, 0.005331790074706078, 0.005620243027806282, 0.00573788583278656, 0.003918283153325319, 0.003950049635022879, 0.0038780849426984787, 0.003832153044641018, 0.0036249400582164526, 0.0035830007400363684, 0.0035304201301187277], "reconstruction_loss": [], "kl_loss": []}