{"loss": [0.12597578763961792, 0.0371694415807724, 0.02559368871152401, 0.021607035771012306, 0.019444186240434647, 0.018073156476020813, 0.01713443361222744, 0.016438525170087814, 0.01589655689895153, 0.015466337092220783, 0.015101740136742592, 0.014762405306100845, 0.01453867182135582, 0.014363761059939861, 0.014009159058332443, 0.013867206871509552, 0.013648344203829765, 0.013532127253711224, 0.013464315794408321, 0.01338921207934618, 0.01318349689245224, 0.013096041046082973, 0.012952311895787716, 0.01284361444413662, 0.01275722123682499, 0.01264916267246008, 0.012624723836779594, 0.012390794232487679, 0.01222056895494461, 0.012024757452309132, 0.011905557475984097, 0.011783969588577747, 0.011728222481906414, 0.01155884563922882, 0.01146604586392641, 0.011440400965511799, 0.011393462307751179, 0.011210857890546322, 0.011123685166239738, 0.011145032942295074, 0.01099142711609602, 0.010887467302381992, 0.010856322012841702, 0.010673445649445057, 0.010541519150137901, 0.010450135916471481, 0.010404945351183414, 0.010480682365596294, 0.010404746979475021, 0.010363618843257427, 0.010535520501434803, 0.010326547548174858, 0.010173656046390533, 0.010007079690694809, 0.009875567629933357, 0.00980597734451294, 0.009694608859717846, 0.009614446200430393, 0.009490979835391045, 0.00937863439321518, 0.009310474619269371, 0.009289522655308247, 0.00917961448431015, 0.00912019144743681, 0.008981937542557716, 0.008899928070604801, 0.008829440921545029, 0.008817254565656185, 0.008649628609418869, 0.008530876599252224, 0.008453854359686375, 0.008414577692747116, 0.008266166783869267, 0.008206627331674099, 0.008194148540496826, 0.008105686865746975, 0.00798669084906578, 0.00798305869102478, 0.007932784967124462, 0.007806726731359959, 0.0077509041875600815, 0.007715881336480379, 0.0076459962874650955, 0.007476274389773607, 0.007350046653300524, 0.0073483772575855255, 0.007354756351560354, 0.007299615535885096, 0.007216681260615587, 0.00713802594691515, 0.007077195215970278, 0.007003116887062788, 0.007040133234113455, 0.007210089359432459, 0.007107554469257593, 0.006948063150048256, 0.00680809561163187, 0.0066435979679226875, 0.006594115402549505, 0.006574234925210476], "val_loss": [0.1076422706246376, 0.10446808487176895, 0.1026369109749794, 0.10059010982513428, 0.09890422970056534, 0.09825415164232254, 0.0985003337264061, 0.09933633357286453, 0.10095919668674469, 0.10269474983215332, 0.10564875602722168, 0.1079348474740982, 0.11255788803100586, 0.11573610454797745, 0.11863541603088379, 0.12311798334121704, 0.12518873810768127, 0.1299905925989151, 0.13201729953289032, 0.13652034103870392, 0.1391144096851349, 0.1425429880619049, 0.1479429006576538, 0.15085774660110474, 0.1525438278913498, 0.15723606944084167, 0.16060690581798553, 0.16136862337589264, 0.16339804232120514, 0.16621443629264832, 0.17077431082725525, 0.1710449457168579, 0.17456480860710144, 0.1760849803686142, 0.17444682121276855, 0.1786273717880249, 0.18187536299228668, 0.1830415278673172, 0.1841237097978592, 0.1862252950668335, 0.18724898993968964, 0.18807336688041687, 0.19033125042915344, 0.18848662078380585, 0.18853598833084106, 0.19041579961776733, 0.1832415759563446, 0.18746323883533478, 0.1670178323984146, 0.16127656400203705, 0.16227008402347565, 0.14343565702438354, 0.13817651569843292, 0.13517865538597107, 0.1391260176897049, 0.13948291540145874, 0.1406685709953308, 0.137943834066391, 0.138074591755867, 0.1475660800933838, 0.14864932000637054, 0.14958424866199493, 0.14690400660037994, 0.14408834278583527, 0.14912234246730804, 0.15127627551555634, 0.14028656482696533, 0.14262090623378754, 0.14678750932216644, 0.141715869307518, 0.13575942814350128, 0.13671492040157318, 0.13962605595588684, 0.1340712606906891, 0.1342858523130417, 0.13582876324653625, 0.12572422623634338, 0.1280488669872284, 0.12435771524906158, 0.11819124221801758, 0.10570971667766571, 0.09951488673686981, 0.10026165843009949, 0.09407943487167358, 0.08688574284315109, 0.08962591737508774, 0.09828977286815643, 0.08949551731348038, 0.07419662177562714, 0.06880472600460052, 0.06879295408725739, 0.08050400763750076, 0.08418084681034088, 0.06617599725723267, 0.06322626024484634, 0.06696338951587677, 0.07168477028608322, 0.06921836733818054, 0.07125117629766464, 0.07098431885242462]}