{"loss": [0.010876387357711792, 0.005186897702515125, 0.004683920182287693, 0.004440583288669586, 0.004428884480148554, 0.004204785451292992, 0.004175667185336351, 0.004024247173219919, 0.004065890330821276, 0.003762614680454135, 0.0036540895234793425, 0.003727253759279847, 0.0036228846292942762, 0.0035796111915260553, 1384070016.0, 3850210.5, 204737.90625, 118187.0546875, 81113.0390625, 59531.10546875, 45640.35546875, 36422.29296875, 30038.955078125, 25457.626953125, 21979.0, 19257.23828125, 17060.501953125, 15267.888671875, 13732.54296875, 12524.337890625], "val_loss": [0.0056586116552352905, 0.0047316295094788074, 0.004388945642858744, 0.00422366987913847, 0.004265256691724062, 0.004028875846415758, 0.004153185524046421, 0.00453789671882987, 0.004027188289910555, 0.0038140579126775265, 0.003671785583719611, 0.004232143517583609, 0.003668476827442646, 0.004223367664963007, 33106540.0, 265247.46875, 141374.125, 92122.8203125, 65612.953125, 49399.79296875, 38177.48046875, 30952.134765625, 25939.734375, 21997.96875, 19154.666015625, 16952.89453125, 15118.5185546875, 13383.5888671875, 12098.4833984375, 11184.4697265625], "reconstruction_loss": [], "kl_loss": []}