{"loss": [0.010876387357711792, 0.005186897702515125, 0.004683920182287693, 0.004440583288669586, 0.004428884480148554, 0.004204785451292992, 0.004175667185336351, 0.004024247173219919, 0.004065890330821276, 0.003762614680454135, 0.0036540895234793425, 0.003727253759279847, 0.0036228846292942762, 0.0035796111915260553, 1384070016.0, 3850210.5, 204737.90625, 118187.0546875, 81113.0390625, 59531.10546875, 45640.35546875, 36422.29296875, 30038.955078125, 25457.626953125, 21979.0, 19257.23828125, 17060.501953125, 15267.888671875, 13732.54296875, 12524.337890625, 11386.80078125, 10382.4013671875, 9508.7685546875, 8641.119140625, 8002.6103515625, 7358.14697265625, 7023.076171875, 6545.87158203125, 5851.2802734375, 5630.19580078125, 4873.4345703125, 4784.16455078125, 4828.74462890625, 4008.530029296875, 4274.94287109375, 4963.9951171875, 3616.2470703125, 3189.885009765625, 3931.49169921875, 2865.20703125, 3391.43505859375, 2758.25830078125, 3840.00732421875, 1708.8876953125, 2124.912109375, 1599.5340576171875, 1162.4691162109375, 1907.2056884765625, 830.880126953125, 815.7777709960938, 1243.673583984375, 546.5126342773438, 589.44091796875], "val_loss": [0.0056586116552352905, 0.0047316295094788074, 0.004388945642858744, 0.00422366987913847, 0.004265256691724062, 0.004028875846415758, 0.004153185524046421, 0.00453789671882987, 0.004027188289910555, 0.0038140579126775265, 0.003671785583719611, 0.004232143517583609, 0.003668476827442646, 0.004223367664963007, 33106540.0, 265247.46875, 141374.125, 92122.8203125, 65612.953125, 49399.79296875, 38177.48046875, 30952.134765625, 25939.734375, 21997.96875, 19154.666015625, 16952.89453125, 15118.5185546875, 13383.5888671875, 12098.4833984375, 11184.4697265625, 9918.884765625, 9149.1015625, 8368.947265625, 7891.81640625, 7442.59228515625, 6610.9609375, 5883.35693359375, 6665.712890625, 5092.6220703125, 5138.7529296875, 4033.725341796875, 5380.068359375, 4305.154296875, 3132.03271484375, 3837.638916015625, 2695.248779296875, 4180.02734375, 3365.948486328125, 2642.377197265625, 3824.94189453125, 19400.671875, 2099.123046875, 1698.1627197265625, 1379.0631103515625, 1281.654052734375, 1220.85107421875, 1346.41552734375, 3856.208251953125, 519.6251831054688, 1871.5430908203125, 456.971435546875, 351.4986572265625, 311.66180419921875], "reconstruction_loss": [], "kl_loss": []}