{"loss": [0.059137966483831406, 0.05790222808718681, 0.05790221318602562, 0.05790222808718681, 0.05790223553776741, 0.05790224298834801, 0.057902246713638306, 0.057902246713638306, 0.05790223553776741, 0.05790224298834801, 0.05790223181247711], "val_loss": [0.06076561659574509, 0.06076561659574509, 0.06076561659574509, 0.06076561659574509, 0.06076561659574509, 0.06076561659574509, 0.06076561659574509, 0.06076561659574509, 0.06076561659574509, 0.06076561659574509, 0.06076561659574509], "reconstruction_loss": [], "kl_loss": []}