{"loss": [141.81053161621094, 12098.453125, 9.001461029052734, 70.71159362792969, 13017.138671875, 2211.916259765625, 291.3529968261719, 698.2054443359375, 7054.41015625, 923.8392944335938, 821.6546630859375, 9.818466186523438, 62.38717269897461, 37.532073974609375, 108.41412353515625, 31.374000549316406, 38.69245910644531, 19.175825119018555, 11.36547565460205, 11.605530738830566, 7.175848007202148, 9.191889762878418, 5.566743850708008, 5.384061336517334, 4.3179931640625, 3.473607063293457, 2.74013090133667, 2.8081462383270264, 2.36568284034729, 2.3320298194885254, 2.2757482528686523, 1.8485275506973267, 1.9613516330718994, 1.9869836568832397, 1.7664997577667236, 1.61764395236969, 1.4505409002304077, 1.4438300132751465, 1.4222677946090698, 1.189308762550354, 1.0704834461212158, 1.0668656826019287, 1.0475530624389648, 0.9524317979812622, 0.9495625495910645, 0.8738285303115845, 0.9035165309906006, 0.7982556819915771, 0.7917923331260681, 0.7507433891296387, 0.688096821308136, 0.6779208183288574], "val_loss": [192.552734375, 0.39507684111595154, 24.605621337890625, 516.45654296875, 4012.9775390625, 78.23528289794922, 701.2581176757812, 1972.7391357421875, 2225.2109375, 333.6549072265625, 7.273504257202148, 29.47564697265625, 14.266101837158203, 175.40565490722656, 21.521211624145508, 82.43201446533203, 17.254995346069336, 15.843818664550781, 23.30743980407715, 11.213184356689453, 6.422000408172607, 9.743743896484375, 9.08139705657959, 4.751277446746826, 6.22078275680542, 5.283564567565918, 3.368976354598999, 2.984640598297119, 3.8275959491729736, 4.584232330322266, 2.8408894538879395, 2.23222017288208, 2.5605664253234863, 4.015246868133545, 2.047691583633423, 1.7479970455169678, 2.4426774978637695, 2.6413497924804688, 1.615924596786499, 1.796758770942688, 2.0562243461608887, 1.846041202545166, 1.4028569459915161, 1.583867073059082, 1.8951208591461182, 1.4105147123336792, 1.2205289602279663, 1.6447492837905884, 1.5419213771820068, 1.2935856580734253, 1.1696722507476807, 1.190793514251709], "reconstruction_loss": [], "kl_loss": []}