{"loss": [0.012561112642288208, 0.0043869903311133385, 0.0039021088741719723, 0.0036576688289642334, 0.0034398308489471674], "val_loss": [0.004142905119806528, 0.004055464640259743, 0.0037631401792168617, 0.0035379601176828146, 0.0033591885585337877], "reconstruction_loss": [], "kl_loss": []}