{"loss": [0.11005459725856781, 0.1050131693482399, 0.06519647687673569, 0.02606300078332424, 0.020383726805448532, 0.017154715955257416, 0.0156940259039402, 0.01496257446706295, 0.014500916004180908, 0.01424920279532671, 0.014079281128942966, 0.0139417489990592, 0.01384719181805849, 0.013788672164082527, 0.013721310533583164, 0.013683648779988289, 0.013645844534039497, 0.01360542606562376, 0.01360349915921688, 0.013540015555918217, 0.013473527505993843, 0.013440050184726715, 0.013426972553133965, 0.01332376804202795, 0.013255509547889233, 0.013143240474164486, 0.013015969656407833, 0.012836376205086708, 0.012778276577591896, 0.013068797998130322, 0.012887782417237759, 0.012679209932684898, 0.012520914897322655, 0.012424387037754059, 0.012290773913264275, 0.01220546755939722, 0.012115702964365482, 0.012072022072970867, 0.012225349433720112, 0.012015046551823616, 0.011750893667340279, 0.011686239391565323, 0.011613564565777779, 0.011522732675075531, 0.01133054867386818, 0.011225502006709576, 0.01169597264379263, 0.011334641836583614, 0.011128723621368408, 0.010938074439764023, 0.010842413641512394, 0.010782493278384209, 0.011132045648992062, 0.010775895789265633, 0.01057298481464386, 0.010497269220650196, 0.010373260825872421, 0.01033114641904831, 0.010507040657103062, 0.010223878547549248, 0.010171881876885891, 0.010134357959032059, 0.010306283831596375, 0.010132244788110256, 0.010041657835245132, 0.009894096292555332, 0.00984077900648117, 0.009891862981021404, 0.009746216237545013, 0.00967299286276102, 0.010062707588076591, 0.00973026268184185, 0.009635789319872856, 0.009576995857059956, 0.009491518139839172, 0.009584663435816765, 0.009512139484286308, 0.009408668614923954, 0.009508623741567135, 0.009367088787257671, 0.009255717508494854, 0.009171582758426666, 0.009455845691263676, 0.009706961922347546, 0.009288305416703224, 0.009167404845356941, 0.009045791812241077, 0.008968549780547619, 0.008889557793736458, 0.008825292810797691, 0.008752498775720596, 0.008743740618228912, 0.008748872205615044, 0.0087275430560112, 0.00879165530204773, 0.008710653521120548, 0.008663468062877655, 0.008643611334264278, 0.008559992536902428, 0.008441007696092129], "val_loss": [0.10783783346414566, 0.09547426551580429, 0.027086811140179634, 0.022606419399380684, 0.016119785606861115, 0.014749354682862759, 0.013978264294564724, 0.01333608292043209, 0.013061621226370335, 0.012859468348324299, 0.012671473436057568, 0.012557316571474075, 0.012469667010009289, 0.01243084017187357, 0.012493751011788845, 0.01240138802677393, 0.012354702688753605, 0.012443194165825844, 0.012407750822603703, 0.012361765839159489, 0.012226013466715813, 0.01239779219031334, 0.012198900803923607, 0.012097512371838093, 0.012177483178675175, 0.012003470212221146, 0.011761088855564594, 0.011823104694485664, 0.011851976625621319, 0.011795766651630402, 0.01162258442491293, 0.011639629490673542, 0.011448914185166359, 0.011364772915840149, 0.011268077418208122, 0.011221676133573055, 0.011194380931556225, 0.011301073245704174, 0.011142234317958355, 0.01094346959143877, 0.011154375039041042, 0.011000461876392365, 0.010774447582662106, 0.010678554885089397, 0.010629513300955296, 0.01121070608496666, 0.011024454608559608, 0.01045400183647871, 0.010470489971339703, 0.010324797593057156, 0.010315146297216415, 0.011024471372365952, 0.010421688668429852, 0.01020356360822916, 0.01018912997096777, 0.009987074881792068, 0.009937336668372154, 0.010275034233927727, 0.009913668036460876, 0.009857157245278358, 0.00976348016411066, 0.009734202176332474, 0.009846451692283154, 0.00994732417166233, 0.009593382477760315, 0.009700718335807323, 0.009535771794617176, 0.009509225375950336, 0.009501778520643711, 0.009548630565404892, 0.009498881176114082, 0.009506460279226303, 0.009436403401196003, 0.009451543912291527, 0.009422196075320244, 0.009457469917833805, 0.009365806356072426, 0.009348097257316113, 0.009406418539583683, 0.009278129786252975, 0.009287613444030285, 0.00917036272585392, 0.010272541083395481, 0.009517952799797058, 0.009371152147650719, 0.009183842688798904, 0.00911961030215025, 0.008996950462460518, 0.009051285684108734, 0.008952852338552475, 0.00899078231304884, 0.009019174613058567, 0.009088266640901566, 0.009075603447854519, 0.009045885875821114, 0.008868210949003696, 0.008957212790846825, 0.008917154744267464, 0.008871367201209068, 0.008733413182199001]}