{"loss": [0.21097677946090698, 0.15827246010303497, 0.13955627381801605, 0.12691178917884827, 0.11224356293678284, 0.09674850851297379, 0.08281553536653519, 0.07150361686944962, 0.06271044164896011, 0.05577995255589485, 0.0508064366877079, 0.047054942697286606, 0.044106386601924896, 0.04176470264792442, 0.039980389177799225, 0.03861621767282486, 0.03771798685193062, 0.03703511506319046, 0.036477211862802505, 0.035960499197244644, 0.03544602543115616, 0.03474810719490051, 0.03416058048605919, 0.033494047820568085, 0.03323899582028389, 0.03287237510085106, 0.03256332129240036, 0.03225645795464516, 0.03195105865597725, 0.031799327582120895, 0.031522177159786224, 0.03142499178647995, 0.031289540231227875, 0.031073827296495438, 0.030830616131424904, 0.03069302625954151, 0.030589722096920013, 0.030490819364786148, 0.030308617278933525, 0.030186302959918976, 0.029996296390891075, 0.029663069173693657, 0.028703901916742325, 0.02852674387395382, 0.028398390859365463, 0.02822927013039589, 0.028125176206231117, 0.0280525591224432, 0.027950676158070564, 0.027892369776964188, 0.02780814655125141, 0.027728235349059105, 0.027608701959252357, 0.02745763584971428, 0.027294116094708443, 0.0271916426718235, 0.027140002697706223, 0.027020040899515152, 0.02695363573729992, 0.026898952201008797, 0.02680942974984646, 0.026702843606472015, 0.026617584750056267, 0.0264251921325922, 0.02623957023024559, 0.026111973449587822, 0.025960460305213928, 0.02586810104548931, 0.025720657780766487, 0.025452952831983566, 0.025501975789666176, 0.02527533285319805, 0.02508433349430561, 0.024790039286017418, 0.024481894448399544, 0.02381494827568531, 0.022735774517059326, 0.02265532873570919, 0.02248471789062023, 0.022372538223862648, 0.022241881117224693, 0.02203276939690113, 0.021915705874562263, 0.02179410122334957, 0.021730270236730576, 0.021668709814548492, 0.021651946008205414, 0.021568145602941513, 0.02152528241276741, 0.021473364904522896, 0.021448791027069092, 0.02139287069439888, 0.02148713730275631, 0.02138926275074482, 0.021338801831007004, 0.02133013680577278, 0.02125459536910057, 0.02124030329287052, 0.021184982731938362, 0.021075932309031487], "val_loss": [0.14591838419437408, 0.14277945458889008, 0.13524819910526276, 0.12743985652923584, 0.11604978889226913, 0.10205310583114624, 0.08700858801603317, 0.07213496416807175, 0.059537921100854874, 0.048997681587934494, 0.04085235670208931, 0.03471287339925766, 0.030280165374279022, 0.02692994847893715, 0.02501745894551277, 0.023470286279916763, 0.022525392472743988, 0.02198212780058384, 0.021604305133223534, 0.021430866792798042, 0.021462516859173775, 0.021579241380095482, 0.021800292655825615, 0.021992027759552002, 0.022272994741797447, 0.022613707929849625, 0.02313869260251522, 0.023707015439867973, 0.0246916264295578, 0.02558337152004242, 0.026435084640979767, 0.027012532576918602, 0.02771914377808571, 0.02815295197069645, 0.029065027832984924, 0.029488570988178253, 0.030397366732358932, 0.03058968484401703, 0.031380608677864075, 0.03175007179379463, 0.032138627022504807, 0.032341696321964264, 0.032531578093767166, 0.033162396401166916, 0.03444024547934532, 0.03502717241644859, 0.03544130548834801, 0.035924408584833145, 0.03588741645216942, 0.0363134928047657, 0.03586051985621452, 0.03576800972223282, 0.035501573234796524, 0.03565823659300804, 0.035357579588890076, 0.03572847321629524, 0.0361955501139164, 0.03594820201396942, 0.03596214950084686, 0.03570786863565445, 0.03590674698352814, 0.03609642758965492, 0.035697270184755325, 0.035833898931741714, 0.035843245685100555, 0.0358259417116642, 0.03580579161643982, 0.03655931353569031, 0.03669160231947899, 0.03627803176641464, 0.036546431481838226, 0.037064336240291595, 0.03627469390630722, 0.036707740277051926, 0.035638608038425446, 0.034719616174697876, 0.03498229756951332, 0.03484491631388664, 0.034679263830184937, 0.034449003636837006, 0.03518841788172722, 0.03463822230696678, 0.03357832506299019, 0.03373914211988449, 0.03324197977781296, 0.03317830339074135, 0.03232065960764885, 0.03264157846570015, 0.032127391546964645, 0.03232354298233986, 0.032036904245615005, 0.03230104595422745, 0.03161834925413132, 0.031190749257802963, 0.031255368143320084, 0.031241193413734436, 0.03107808530330658, 0.030939824879169464, 0.030834805220365524, 0.030061915516853333]}