{"loss": [0.006263371556997299, 0.004556300584226847, 0.004051515832543373, 0.0038469787687063217, 0.0037057725712656975, 0.0035903870593756437, 0.003370965365320444, 0.003303121542558074, 0.0032979752868413925, 0.003209003945812583, 0.003317413153126836, 0.0032019077334553003, 0.0030413041822612286, 0.0029164347797632217, 0.0029131232295185328, 0.002814372070133686, 0.002739246003329754, 0.002789540449157357, 0.0027041342109441757, 0.002728197490796447, 0.0027960508596152067, 0.0027566400822252035, 0.0027401030529290438, 0.0026674759574234486, 0.0026225221808999777, 0.0025531260762363672, 0.0025447991210967302, 0.0026040151715278625, 0.002635300625115633, 0.002503267489373684, 0.0025378167629241943, 0.002656482858583331, 0.0025047126691788435, 0.0024533504620194435, 0.0023312659468501806, 0.0023183783050626516, 0.0023143196012824774, 0.0022871627006679773, 0.0023849636781960726, 0.0025050207041203976], "val_loss": [0.007007257547229528, 0.004367267247289419, 0.004040840081870556, 0.0035433447919785976, 0.004148292820900679, 0.0039029314648360014, 0.0037266327999532223, 0.003537400159984827, 0.003538020420819521, 0.003491859883069992, 0.0038769091479480267, 0.003445134963840246, 0.003369902493432164, 0.004444871097803116, 0.0034332224167883396, 0.0032997759990394115, 0.003364491742104292, 0.0035060737282037735, 0.0033669667318463326, 0.0037819277495145798, 0.0037900200113654137, 0.003329239320009947, 0.003416967811062932, 0.003436183324083686, 0.003294900758191943, 0.0033246751409024, 0.003388005308806896, 0.0037547226529568434, 0.003574452828615904, 0.0034316994715481997, 0.0034609129652380943, 0.0034315783996134996, 0.003322944510728121, 0.0038502453826367855, 0.0032936655916273594, 0.0033342998940497637, 0.003396309446543455, 0.0034352047368884087, 0.003991026431322098, 0.004055771976709366], "reconstruction_loss": [], "kl_loss": []}