{"loss": [0.16644689440727234, 0.10513882339000702], "val_loss": [0.14835789799690247, 0.054472897201776505], "reconstruction_loss": [], "kl_loss": []}