{"loss": [0.006263371556997299, 0.004556300584226847, 0.004051515832543373, 0.0038469787687063217, 0.0037057725712656975, 0.0035903870593756437, 0.003370965365320444, 0.003303121542558074, 0.0032979752868413925, 0.003209003945812583, 0.003317413153126836, 0.0032019077334553003, 0.0030413041822612286, 0.0029164347797632217, 0.0029131232295185328, 0.002814372070133686, 0.002739246003329754, 0.002789540449157357, 0.0027041342109441757, 0.002728197490796447], "val_loss": [0.007007257547229528, 0.004367267247289419, 0.004040840081870556, 0.0035433447919785976, 0.004148292820900679, 0.0039029314648360014, 0.0037266327999532223, 0.003537400159984827, 0.003538020420819521, 0.003491859883069992, 0.0038769091479480267, 0.003445134963840246, 0.003369902493432164, 0.004444871097803116, 0.0034332224167883396, 0.0032997759990394115, 0.003364491742104292, 0.0035060737282037735, 0.0033669667318463326, 0.0037819277495145798], "reconstruction_loss": [], "kl_loss": []}