{"loss": [0.009233844466507435, 0.00490770535543561, 0.00461101159453392, 0.004639103543013334, 0.004221487790346146, 0.003988553304225206, 0.003910376224666834, 0.0038089659065008163, 0.0038145456928759813, 0.0036671918351203203], "val_loss": [0.005513972137123346, 0.004616760648787022, 0.0054154410026967525, 0.004152402747422457, 0.004460607655346394, 0.003995668608695269, 0.003831929061561823, 0.0038379437755793333, 0.004281726665794849, 0.0037945120129734278], "reconstruction_loss": [], "kl_loss": []}