{"loss": [0.05986303836107254, 0.057902246713638306, 0.05790223553776741, 0.05790222808718681, 0.05790223553776741, 0.05790221691131592, 0.05790223181247711, 0.05790222808718681, 0.05790223553776741, 0.05790223181247711, 0.05790222808718681], "val_loss": [0.06076561659574509, 0.06076561659574509, 0.06076561659574509, 0.06076561659574509, 0.06076561659574509, 0.06076561659574509, 0.06076561659574509, 0.06076561659574509, 0.06076561659574509, 0.06076561659574509, 0.06076561659574509], "reconstruction_loss": [], "kl_loss": []}