{"dims": [10, 30, 50, 100, 300, 500, 1000], "loss": [0.0035869828220893058, 0.0032964764475883262, 0.0032187463794787698, 0.0032880324333673934, 0.0031293779083589658, 0.0033829896550288704, 0.0032761899845803423]}