{"loss": [0.007588235195726156, 0.004530447535216808, 0.0040112813003361225, 0.003933889791369438, 0.00369791267439723, 0.003573956433683634, 0.0035393349826335907, 0.003419252810999751, 0.003305394435301423, 0.0032392125576734543, 0.003121087560430169, 0.0031583646778017282, 0.0033453060314059258, 0.0031642380636185408, 0.003230665111914277, 0.0030875392258167267, 0.0030176870059221983, 0.0030467782635241747, 0.0030630421824753284, 0.0030711025465279818, 0.0028952297288924456, 0.0027915171813219786, 0.0028453380800783634, 0.0029489719308912754, 0.0028560026548802853, 0.00271964049898088, 0.002873019315302372, 0.002830683020874858, 0.0028245835565030575, 0.0026956310030072927], "val_loss": [0.004832571372389793, 0.004348507151007652, 0.0038394166622310877, 0.0037243568804115057, 0.0035761790350079536, 0.003582740668207407, 0.0035932199098169804, 0.0038474088069051504, 0.0035065722186118364, 0.00341869262047112, 0.0038556705694645643, 0.0034078177995979786, 0.0036663024220615625, 0.0035849679261446, 0.003368286183103919, 0.003482731059193611, 0.003395728301256895, 0.003554701106622815, 0.003738708794116974, 0.0035663999151438475, 0.0034467638470232487, 0.0033563324250280857, 0.0035820219200104475, 0.004471919033676386, 0.003751782700419426, 0.004024066496640444, 0.003701541107147932, 0.0034164951648563147, 0.0034343767911195755, 0.003469273215159774], "reconstruction_loss": [], "kl_loss": []}