{"loss": [0.12394174933433533, 0.03317318856716156, 0.025303281843662262, 0.021150605753064156, 0.018981141969561577, 0.01763281226158142, 0.01672236993908882, 0.01612960547208786, 0.015547293238341808, 0.015288665890693665, 0.014801760204136372, 0.014435757882893085, 0.014109293930232525, 0.013885830529034138, 0.013560856692492962, 0.01337097492069006, 0.01320865098387003, 0.013113345950841904, 0.012968276627361774, 0.012851900421082973, 0.012730876915156841, 0.01264167856425047, 0.01252696756273508, 0.01239315327256918, 0.01226874254643917, 0.012175638228654861, 0.012125407345592976, 0.012290033511817455, 0.012017984874546528, 0.011951225809752941, 0.011820357292890549, 0.011760138906538486, 0.011674684472382069, 0.011539981700479984, 0.01156702172011137, 0.011516825295984745, 0.01156553067266941, 0.011437449604272842, 0.011402786709368229, 0.011372051201760769, 0.011228390969336033, 0.01114310696721077, 0.011031831614673138, 0.011000205762684345, 0.010895978659391403, 0.010857597924768925, 0.010669805109500885, 0.010649487376213074, 0.010568528436124325, 0.010483158752322197, 0.010434139519929886, 0.010418462567031384, 0.010331136174499989, 0.010427260771393776, 0.010410284623503685, 0.010447034612298012, 0.010201886296272278, 0.010152286849915981, 0.010239658877253532, 0.010136894881725311, 0.010084837675094604, 0.009978774935007095, 0.009941061958670616, 0.009850825183093548, 0.009902955032885075, 0.00975891388952732, 0.00972775835543871, 0.009674716740846634, 0.00966314785182476, 0.009580674581229687, 0.009491464123129845, 0.009457218460738659, 0.009404445067048073, 0.00940049346536398, 0.009256705641746521, 0.009287525899708271, 0.009189517237246037, 0.009164497256278992, 0.009204253554344177, 0.009126340039074421, 0.009190668351948261, 0.00913943536579609, 0.009201913140714169, 0.009243160486221313, 0.009039908647537231, 0.008928767405450344, 0.008831940591335297, 0.008795441128313541, 0.00876573845744133, 0.008677315898239613, 0.008630562573671341, 0.008592171594500542, 0.008614424616098404, 0.00861272867769003, 0.008527492173016071, 0.008579527027904987, 0.008477525785565376, 0.008427667431533337, 0.00849913526326418, 0.008373403921723366], "val_loss": [0.1082460954785347, 0.10495542734861374, 0.10220227390527725, 0.09953418374061584, 0.09657137840986252, 0.09362945705652237, 0.09060457348823547, 0.08830121904611588, 0.08576513826847076, 0.08349860459566116, 0.08084108680486679, 0.07978353649377823, 0.07838757336139679, 0.07822135835886002, 0.07814909517765045, 0.07852979749441147, 0.078005850315094, 0.07751715928316116, 0.07862919569015503, 0.07888977229595184, 0.07722923159599304, 0.07847587764263153, 0.07877563685178757, 0.07951508462429047, 0.07879804819822311, 0.08047410100698471, 0.07975933700799942, 0.08014897257089615, 0.08229046314954758, 0.08151403069496155, 0.08022837340831757, 0.07996980845928192, 0.08260194957256317, 0.07835980504751205, 0.07984945923089981, 0.08013994246721268, 0.07771369814872742, 0.08028340339660645, 0.07744987308979034, 0.07921271026134491, 0.07954010367393494, 0.07950359582901001, 0.07763339579105377, 0.07963159680366516, 0.07817094027996063, 0.07887051999568939, 0.07640646398067474, 0.07264299690723419, 0.07425346970558167, 0.07693652808666229, 0.07731568813323975, 0.07929424196481705, 0.07533448189496994, 0.08298292756080627, 0.07407230883836746, 0.0803167074918747, 0.07722891867160797, 0.07655813544988632, 0.07995746284723282, 0.07801687717437744, 0.07518748193979263, 0.07558712363243103, 0.0769234448671341, 0.07769176363945007, 0.07749128341674805, 0.07739532738924026, 0.0807868093252182, 0.07964007556438446, 0.08850543200969696, 0.07689119875431061, 0.08527392894029617, 0.0847620815038681, 0.0845053493976593, 0.08629736304283142, 0.08861538022756577, 0.08875215798616409, 0.08517981320619583, 0.08966941386461258, 0.08324426412582397, 0.08743216097354889, 0.08216910064220428, 0.08261266350746155, 0.07217414677143097, 0.07768966257572174, 0.07352586835622787, 0.07076144963502884, 0.07501393556594849, 0.07228464633226395, 0.0730414092540741, 0.07018433511257172, 0.0709405392408371, 0.062112610787153244, 0.07772203534841537, 0.05906341224908829, 0.07448575645685196, 0.060733612626791, 0.07030437141656876, 0.056765858083963394, 0.07102414220571518, 0.05378596857190132]}