{"loss": [0.13781064748764038, 0.03573128581047058, 0.02700362354516983, 0.02321244403719902, 0.021064726635813713, 0.01956828311085701, 0.018446853384375572, 0.01756024919450283, 0.01696479320526123, 0.016409974545240402, 0.016011353582143784, 0.01565173827111721, 0.015383531339466572, 0.015127008780837059, 0.014860054478049278, 0.014757881872355938, 0.014724405482411385, 0.01449507661163807, 0.01430427934974432, 0.014132452197372913, 0.014076787047088146, 0.01392257958650589, 0.013763214461505413, 0.013678386807441711, 0.013657167553901672, 0.013489820994436741, 0.013384158723056316, 0.01327443402260542, 0.013138875365257263, 0.013045315630733967, 0.013025501742959023, 0.012985344044864178, 0.012866003438830376, 0.012706436216831207, 0.01255678292363882, 0.012435057200491428, 0.012295059859752655, 0.012224536389112473, 0.012079049833118916, 0.012059040367603302, 0.011964380741119385, 0.011822017841041088, 0.011683818884193897, 0.01158229261636734, 0.011447950266301632, 0.011419741436839104, 0.011273473501205444, 0.011258079670369625, 0.011175453662872314, 0.011114816181361675], "val_loss": [0.10914809256792068, 0.1061728224158287, 0.1032031998038292, 0.10053259879350662, 0.09861364960670471, 0.09789742529392242, 0.09860944747924805, 0.10064057260751724, 0.10394132882356644, 0.10840623080730438, 0.11337772011756897, 0.11914493143558502, 0.12535084784030914, 0.1317068189382553, 0.13785973191261292, 0.14387015998363495, 0.149878591299057, 0.1556704342365265, 0.16055473685264587, 0.16433121263980865, 0.17041988670825958, 0.1742180585861206, 0.17814520001411438, 0.1819438338279724, 0.18713966012001038, 0.19081814587116241, 0.1939663589000702, 0.19716712832450867, 0.19965460896492004, 0.1998562514781952, 0.2028825283050537, 0.20552100241184235, 0.20625866949558258, 0.20794278383255005, 0.21059361100196838, 0.209063321352005, 0.2131073921918869, 0.2124224454164505, 0.21262376010417938, 0.21395647525787354, 0.21375127136707306, 0.2135085165500641, 0.21654541790485382, 0.21233080327510834, 0.2174508273601532, 0.2109484076499939, 0.21563582122325897, 0.2103373408317566, 0.21502508223056793, 0.21236909925937653]}