{"loss": [0.11091671884059906, 0.10847251862287521, 0.09440577775239944, 0.06909777224063873, 0.049937352538108826, 0.038703784346580505, 0.030796729028224945, 0.024621281772851944, 0.021236374974250793, 0.018636168912053108, 0.01646791584789753, 0.015412204898893833, 0.014758235774934292, 0.014145439490675926, 0.013784184120595455, 0.013460299000144005, 0.013278989121317863, 0.01307561993598938, 0.012851928360760212, 0.012693156488239765, 0.012579509988427162, 0.01246886607259512, 0.012383845634758472, 0.012336245737969875, 0.012271090410649776, 0.012232952751219273, 0.012183885090053082, 0.012138733640313148, 0.012097231112420559, 0.012077543884515762, 0.01205410622060299, 0.01204125490039587, 0.012027272954583168, 0.011990785598754883, 0.011958402581512928, 0.01195485144853592, 0.011961008422076702, 0.011936445720493793, 0.011910488829016685, 0.011899769306182861, 0.01188890915364027, 0.011886545456945896, 0.01186942309141159, 0.011868230067193508, 0.011877214536070824, 0.011861965991556644, 0.01187028456479311, 0.011862857267260551, 0.01184338890016079, 0.011863875202834606], "val_loss": [0.10915108770132065, 0.10210174322128296, 0.07497934252023697, 0.05227518826723099, 0.040260475128889084, 0.03240436688065529, 0.025411924347281456, 0.022882619872689247, 0.01925264298915863, 0.017483066767454147, 0.01623639091849327, 0.01515331119298935, 0.014590390026569366, 0.014219975098967552, 0.013731132261455059, 0.013517369516193867, 0.013321646489202976, 0.013110662810504436, 0.012928146868944168, 0.0128865921869874, 0.0127231040969491, 0.01265118271112442, 0.012650931254029274, 0.012515750713646412, 0.012491962872445583, 0.012453637085855007, 0.01242899615317583, 0.012382765300571918, 0.012393253855407238, 0.012304345145821571, 0.012355852872133255, 0.012280706316232681, 0.012283011339604855, 0.012278713285923004, 0.012216341681778431, 0.012296079657971859, 0.012174837291240692, 0.012237072922289371, 0.012169222347438335, 0.012231105007231236, 0.012148167937994003, 0.01216257456690073, 0.012170919217169285, 0.01216197106987238, 0.012172632850706577, 0.012120520696043968, 0.01215133722871542, 0.012110880576074123, 0.012106259353458881, 0.012116394005715847]}