{"loss": [580.245361328125, 36.23883056640625, 57199.87109375, 127602.4609375, 47405.328125, 998.127197265625, 4877.18212890625, 7035.9453125, 5037.3701171875, 2242.68310546875, 210.76998901367188, 719.2113037109375, 246.64234924316406, 489.6470642089844, 101.70897674560547, 215.84591674804688, 72.98252868652344, 38.59120178222656, 51.24225616455078, 14.52418041229248, 11.469894409179688, 17.59398078918457, 16.278217315673828, 8.424518585205078, 3.3191354274749756, 4.422441482543945, 3.92964768409729, 2.2553181648254395, 2.5147082805633545, 2.7076539993286133, 2.058652639389038, 1.5762436389923096, 1.4848374128341675, 1.5601977109909058, 1.409002423286438, 1.2141673564910889, 1.1708693504333496, 1.14372980594635, 1.083707332611084, 1.051326870918274, 1.003779411315918, 0.9766480922698975, 0.9429290890693665, 0.9185091257095337, 0.9254566431045532, 0.8943930864334106, 0.869575023651123, 0.8509311676025391, 0.8293645977973938, 0.8076281547546387, 0.798751711845398, 0.777413010597229, 0.7545112371444702, 0.7467684745788574, 0.7296898365020752, 0.7133764624595642, 0.6946629881858826, 0.6780951619148254, 0.6620915532112122, 0.6568860411643982], "val_loss": [35.31102752685547, 1418.1478271484375, 20513.65234375, 824.1473388671875, 658.5931396484375, 7951.24267578125, 3732.822021484375, 4236.6376953125, 2475.422607421875, 389.8821105957031, 455.9594421386719, 357.0379638671875, 523.4430541992188, 54.07029724121094, 215.00527954101562, 105.42850494384766, 15.700301170349121, 47.534297943115234, 17.7645263671875, 5.810576915740967, 13.3041410446167, 14.7999906539917, 8.365331649780273, 2.9661149978637695, 4.256523609161377, 6.139122486114502, 3.583883047103882, 1.3530853986740112, 1.062671422958374, 0.9675267338752747, 1.1596812009811401, 1.895776391029358, 2.248300075531006, 2.0503909587860107, 1.4937678575515747, 1.1245524883270264, 0.9539226293563843, 0.9514321088790894, 0.9908696413040161, 1.0663801431655884, 1.0647772550582886, 1.0128463506698608, 0.9336928129196167, 0.8624740839004517, 0.800476610660553, 0.8167458176612854, 0.8431527018547058, 0.8523367047309875, 0.8168917894363403, 0.7502216696739197, 0.6969239115715027, 0.690790057182312, 0.7123063802719116, 0.7472768425941467, 0.7208329439163208, 0.6829060316085815, 0.6564046740531921, 0.6144796013832092, 0.5861772298812866, 0.5600008964538574], "reconstruction_loss": [], "kl_loss": []}