{"loss": [2.5699753761291504, 0.3849702775478363, 0.16856227815151215, 0.09144897758960724, 0.05137764289975166, 0.03457324951887131, 0.02793586254119873, 0.024671588093042374, 0.022468606010079384, 0.02086261846125126, 0.019767239689826965, 0.0189161729067564, 0.018288278952240944, 0.017811229452490807, 0.017429141327738762, 0.0172584131360054, 0.016860365867614746, 0.016477737575769424, 0.016334066167473793, 0.016107963398098946, 0.016514120623469353, 0.017024680972099304, 0.015703953802585602, 0.015475357882678509, 0.023107368499040604, 0.022255275398492813, 0.01920945942401886, 0.016569575294852257, 0.015471148304641247, 0.01551484502851963, 0.014781997539103031, 0.01485469937324524, 0.015115158632397652, 0.016798188909888268, 0.019058339297771454, 0.01595918834209442, 0.015514622442424297, 0.017308998852968216, 0.014524334110319614, 0.014049752615392208, 0.014131545089185238, 0.018927952274680138, 0.015682805329561234, 0.01404143963009119, 0.013909363187849522, 0.019659709185361862, 0.01709330454468727, 0.014718313701450825, 0.014869335107505322, 0.013671022839844227, 0.014843613840639591, 0.014567694626748562, 0.01518639549612999, 0.015069456771016121, 0.014376704581081867, 0.015813719481229782, 0.014163467101752758, 0.01345816534012556, 0.013435985893011093, 0.019803017377853394, 0.03416762128472328, 0.017902856692671776, 0.015560309402644634, 0.01454424299299717, 0.013757068663835526, 0.01398456934839487, 0.013508100993931293, 0.01315099373459816, 0.01332000456750393, 0.013481038622558117, 0.013266032561659813, 0.013270496390759945, 0.013121829368174076, 0.01365030650049448, 0.013282185420393944, 0.013216311112046242, 0.013596930541098118, 0.013053564354777336, 0.012897363863885403, 0.01306263729929924, 0.013149900361895561, 0.012766255997121334, 0.012717531062662601, 0.012801749631762505, 0.013124560937285423, 0.013373573310673237, 0.013220423832535744, 0.012755883857607841, 0.014506212435662746, 0.014628776349127293, 0.013507859781384468, 0.013950630091130733, 0.014358035288751125, 0.01378354337066412, 0.01385494414716959, 0.013493025675415993, 0.01317788939923048, 0.01346932165324688, 0.012645578011870384, 0.012722010724246502], "val_loss": [0.20275206863880157, 0.21604867279529572, 0.18510298430919647, 0.14769291877746582, 0.12643933296203613, 0.10654186457395554, 0.10147805511951447, 0.10360704362392426, 0.10357882082462311, 0.10868550091981888, 0.11280693858861923, 0.11970720440149307, 0.12098410725593567, 0.1227211207151413, 0.12571650743484497, 0.12631727755069733, 0.12641699612140656, 0.128302201628685, 0.13230016827583313, 0.12838447093963623, 0.12975400686264038, 0.13384154438972473, 0.13566774129867554, 0.13652914762496948, 0.16120120882987976, 0.15309357643127441, 0.1516457200050354, 0.1427568942308426, 0.14051701128482819, 0.1443345546722412, 0.14750446379184723, 0.14581042528152466, 0.13789013028144836, 0.13321052491664886, 0.13939239084720612, 0.14235250651836395, 0.1416269689798355, 0.14485682547092438, 0.14313876628875732, 0.1501730978488922, 0.14960676431655884, 0.13787086308002472, 0.1411883383989334, 0.14088408648967743, 0.14535845816135406, 0.1403178572654724, 0.14183375239372253, 0.14013983309268951, 0.14605070650577545, 0.14131051301956177, 0.14524632692337036, 0.1413731575012207, 0.14696739614009857, 0.13993345201015472, 0.13446789979934692, 0.12768501043319702, 0.12140651792287827, 0.11665087938308716, 0.10958345979452133, 0.13656584918498993, 0.1163427084684372, 0.10536650568246841, 0.10272596031427383, 0.09626889228820801, 0.08778595179319382, 0.08659873157739639, 0.08099547028541565, 0.07723282277584076, 0.07199037075042725, 0.07049330323934555, 0.06491395086050034, 0.061998963356018066, 0.057588934898376465, 0.055801063776016235, 0.05275973305106163, 0.05157655477523804, 0.04931673780083656, 0.046501196920871735, 0.0445629358291626, 0.042613591998815536, 0.0396038293838501, 0.03828507661819458, 0.035587672144174576, 0.034236565232276917, 0.03522038087248802, 0.032774683088064194, 0.029855260625481606, 0.02872185967862606, 0.029765933752059937, 0.028937069699168205, 0.026769466698169708, 0.03035520762205124, 0.026058370247483253, 0.025607410818338394, 0.024653121829032898, 0.023156415671110153, 0.022159814834594727, 0.020652834326028824, 0.021456480026245117, 0.0213167741894722]}