{"loss": [1.6176261901855469, 0.2083277553319931, 0.058910004794597626, 0.05004478245973587, 0.024405866861343384, 0.01880941540002823, 0.018137987703084946, 0.01506277546286583, 0.012046633288264275, 0.0115042170509696], "val_loss": [0.4506634473800659, 0.05298984795808792, 0.05078565329313278, 0.024571971967816353, 0.017888406291604042, 0.014408066868782043, 0.015221123583614826, 0.01114090159535408, 0.011124689131975174, 0.01065930537879467], "reconstruction_loss": [], "kl_loss": []}