{"loss": [0.0061334469355642796, 0.004193552304059267, 0.0038436264730989933, 0.003757053054869175, 0.00370202399790287, 0.0032413427252322435, 0.0031327151227742434, 0.0029825076926499605, 0.002911510644480586, 0.0028440337628126144], "val_loss": [0.004008898511528969, 0.0037966908421367407, 0.003600959898903966, 0.004433225374668837, 0.0034824826288968325, 0.003555675270035863, 0.0032952812034636736, 0.003427303396165371, 0.00341419642791152, 0.0033152024261653423], "reconstruction_loss": [], "kl_loss": []}