{"loss": [0.06398376077413559, 0.023279130458831787, 0.01858873851597309, 0.01680215820670128, 0.01586231030523777, 0.015308347530663013, 0.01485239714384079, 0.014545697718858719, 0.014283045195043087, 0.013816971331834793, 0.013457606546580791, 0.013147379271686077, 0.012812760658562183, 0.012496888637542725, 0.012280858121812344, 0.01206824742257595, 0.01191719714552164, 0.011716857552528381, 0.011438118293881416, 0.011329161934554577, 0.011289980262517929, 0.011115053668618202, 0.010912703350186348, 0.010783159174025059, 0.010574939660727978, 0.010484321042895317, 0.010386588983237743, 0.010257293470203876, 0.010126582346856594, 0.010018344968557358, 0.009973617270588875, 0.009813439100980759, 0.009670563973486423, 0.009867061860859394, 0.009738346561789513, 0.009673398919403553, 0.009542356245219707, 0.009487062692642212, 0.009274379350244999, 0.009151693433523178, 0.009107422083616257, 0.009094157256186008, 0.008980313315987587, 0.008946757763624191, 0.008914886973798275, 0.008791097439825535, 0.008741471916437149, 0.008635441772639751, 0.008721120655536652, 0.008569754660129547], "val_loss": [0.10256872326135635, 0.09349888563156128, 0.08292447030544281, 0.07441727072000504, 0.06934778392314911, 0.06629128754138947, 0.064671091735363, 0.06822039186954498, 0.07051455229520798, 0.06904812902212143, 0.06931403279304504, 0.07069544494152069, 0.07504014670848846, 0.0804794505238533, 0.08317428827285767, 0.09095410257577896, 0.08606427907943726, 0.08842877298593521, 0.09380672127008438, 0.08807932585477829, 0.08520517498254776, 0.09016048908233643, 0.08930995315313339, 0.0829242616891861, 0.08839181810617447, 0.08133356273174286, 0.08082929998636246, 0.0908292904496193, 0.08533941954374313, 0.0819498598575592, 0.07992254197597504, 0.07505033165216446, 0.07555987685918808, 0.07552116364240646, 0.07810269296169281, 0.08012950420379639, 0.0805191621184349, 0.0680997222661972, 0.07531125098466873, 0.07189334183931351, 0.06609082221984863, 0.06182633340358734, 0.07396916300058365, 0.060809582471847534, 0.05950630083680153, 0.05500242859125137, 0.05686859041452408, 0.0503167100250721, 0.04649892449378967, 0.049956630915403366]}