{"loss": [0.1705809086561203, 0.1674194186925888], "val_loss": [0.16621436178684235, 0.15766330063343048], "reconstruction_loss": [], "kl_loss": []}