{"loss": [126.900634765625, 76.055908203125, 2459.41064453125, 8187.6591796875, 63604.80859375, 6707.83056640625, 19392.6875, 991.1030883789062, 10886.9814453125, 9613.314453125], "val_loss": [107.62506866455078, 26.01754379272461, 19.122774124145508, 143352.75, 13.948927879333496, 2247.478759765625, 2708.20654296875, 10739.8720703125, 4141.49560546875, 8523.04296875], "reconstruction_loss": [], "kl_loss": []}