{"loss": [0.11091671884059906, 0.10847251862287521, 0.09440577775239944, 0.06909777224063873, 0.049937352538108826, 0.038703784346580505, 0.030796729028224945, 0.024621281772851944, 0.021236374974250793, 0.018636168912053108, 0.01646791584789753, 0.015412204898893833, 0.014758235774934292, 0.014145439490675926, 0.013784184120595455, 0.013460299000144005, 0.013278989121317863, 0.01307561993598938, 0.012851928360760212, 0.012693156488239765, 0.012579509988427162, 0.01246886607259512, 0.012383845634758472, 0.012336245737969875, 0.012271090410649776, 0.012232952751219273, 0.012183885090053082, 0.012138733640313148, 0.012097231112420559, 0.012077543884515762, 0.01205410622060299, 0.01204125490039587, 0.012027272954583168, 0.011990785598754883, 0.011958402581512928, 0.01195485144853592, 0.011961008422076702, 0.011936445720493793, 0.011910488829016685, 0.011899769306182861, 0.01188890915364027, 0.011886545456945896, 0.01186942309141159, 0.011868230067193508, 0.011877214536070824, 0.011861965991556644, 0.01187028456479311, 0.011862857267260551, 0.01184338890016079, 0.011863875202834606, 0.011839564889669418, 0.011858394369482994, 0.011842899024486542, 0.011833655647933483, 0.011834202334284782, 0.011802268214523792, 0.01178834494203329, 0.011823534965515137, 0.011784273199737072, 0.011783413589000702, 0.011799272149801254, 0.011780724860727787, 0.011778204701840878, 0.011774900369346142, 0.011784996837377548, 0.011794546619057655, 0.011778959073126316, 0.011770689859986305, 0.01174862589687109, 0.011739686131477356, 0.011722044087946415, 0.011737579479813576, 0.011729204095900059, 0.011688590981066227, 0.011682583019137383, 0.011664416640996933, 0.011649244464933872, 0.011644842103123665, 0.011660020798444748, 0.011588002555072308, 0.011563357897102833, 0.011549049988389015, 0.011517592705786228, 0.011483305133879185, 0.011465714313089848, 0.011433912441134453, 0.01141297072172165, 0.011396374553442001, 0.011374682188034058, 0.01135129015892744, 0.011341972276568413, 0.011335121467709541, 0.01132128294557333, 0.011297279968857765, 0.011329878121614456, 0.011292957700788975, 0.011273070238530636, 0.01131601445376873, 0.011267541907727718, 0.011193806305527687], "val_loss": [0.10915108770132065, 0.10210174322128296, 0.07497934252023697, 0.05227518826723099, 0.040260475128889084, 0.03240436688065529, 0.025411924347281456, 0.022882619872689247, 0.01925264298915863, 0.017483066767454147, 0.01623639091849327, 0.01515331119298935, 0.014590390026569366, 0.014219975098967552, 0.013731132261455059, 0.013517369516193867, 0.013321646489202976, 0.013110662810504436, 0.012928146868944168, 0.0128865921869874, 0.0127231040969491, 0.01265118271112442, 0.012650931254029274, 0.012515750713646412, 0.012491962872445583, 0.012453637085855007, 0.01242899615317583, 0.012382765300571918, 0.012393253855407238, 0.012304345145821571, 0.012355852872133255, 0.012280706316232681, 0.012283011339604855, 0.012278713285923004, 0.012216341681778431, 0.012296079657971859, 0.012174837291240692, 0.012237072922289371, 0.012169222347438335, 0.012231105007231236, 0.012148167937994003, 0.01216257456690073, 0.012170919217169285, 0.01216197106987238, 0.012172632850706577, 0.012120520696043968, 0.01215133722871542, 0.012110880576074123, 0.012106259353458881, 0.012116394005715847, 0.012092231772840023, 0.012111042626202106, 0.012086167931556702, 0.012142155319452286, 0.012075843289494514, 0.012157926335930824, 0.012073706835508347, 0.012110801413655281, 0.012069858610630035, 0.012127500027418137, 0.012054678983986378, 0.012095781974494457, 0.01205217745155096, 0.012085754424333572, 0.012080480344593525, 0.012068292126059532, 0.012080902233719826, 0.012050929479300976, 0.012134172953665257, 0.012041095644235611, 0.012131581082940102, 0.011998043395578861, 0.01198868453502655, 0.012015520595014095, 0.012003635987639427, 0.012042855843901634, 0.011955922469496727, 0.01209093164652586, 0.01187319215387106, 0.011997050605714321, 0.01186884194612503, 0.011990987695753574, 0.01178690418601036, 0.011933340691030025, 0.011747938580811024, 0.011845794506371021, 0.011720934882760048, 0.01173012237995863, 0.011734246276319027, 0.011732812039554119, 0.011714576743543148, 0.011681554839015007, 0.011720758862793446, 0.011677579022943974, 0.01169380359351635, 0.01163239311426878, 0.011582947336137295, 0.01175691094249487, 0.011595545336604118, 0.011714985594153404]}