{"loss": [46780.1796875, 1049.482421875, 21299.55859375, 688048.8125, 576837.5625, 211933.25, 2568709.25, 123477.484375, 68759.640625, 345786.9375, 11697607.0], "val_loss": [1830.1114501953125, 3619.209228515625, 1695346.125, 1324508.375, 11867.3544921875, 834432.375, 93451.4140625, 68338.203125, 68772.09375, 8442819.0, 677088448.0], "reconstruction_loss": [], "kl_loss": []}