{"loss": [1.6176261901855469, 0.2083277553319931, 0.058910004794597626, 0.05004478245973587, 0.024405866861343384, 0.01880941540002823, 0.018137987703084946, 0.01506277546286583, 0.012046633288264275, 0.0115042170509696, 0.010895337909460068, 0.010613015852868557, 0.010344533249735832, 0.009973941370844841, 0.009605045430362225, 0.009415177628397942, 0.009104471653699875, 0.008963823318481445, 0.008806750178337097, 0.008657407015562057, 0.008453328162431717, 0.008318455889821053, 0.008119888603687286, 0.00806586816906929, 0.007918003015220165, 0.007771704345941544, 0.007653467357158661, 0.007509143557399511, 0.007384203374385834, 0.007329258602112532, 0.007232181262224913, 0.0071609122678637505, 0.007034169510006905, 0.006977049168199301, 0.006922096014022827, 0.006853143684566021, 0.006664128042757511, 0.006649965886026621, 0.006517690606415272, 0.006559185218065977, 0.006537235341966152, 0.006553164217621088, 0.0067854695953428745, 0.006468641106039286, 0.006678180303424597, 0.006806602235883474, 0.006535683758556843, 0.0067350976169109344, 0.006667420733720064, 0.006315725855529308, 0.006532639265060425, 0.00624817656353116, 0.006246622651815414, 0.006162737961858511, 0.006079879589378834, 0.00624891510233283, 0.0063696010038256645, 0.006574632599949837, 0.006673130672425032, 0.006447490304708481, 0.006078521721065044, 0.006233849562704563, 0.0061856345273554325, 0.006004732567816973, 0.005995504092425108, 0.005925883539021015, 0.0059816776774823666, 0.005899451207369566, 0.005987794604152441, 0.0059469230473041534, 0.006189587526023388, 0.006136120762676001, 0.005944714415818453, 0.005860055331140757, 0.005995162762701511, 0.005833892151713371, 0.005910658277571201, 0.00607255520299077, 0.005844954866915941, 0.005974815227091312, 0.006157585419714451, 0.006222654599696398, 0.0060568200424313545, 0.005952684208750725, 0.006269535981118679, 0.005648897960782051, 0.0058749099262058735, 0.005871898960322142, 0.005807807669043541, 0.005666525103151798, 0.005790648050606251, 0.005812527611851692, 0.005661900155246258, 0.005616821348667145, 0.005718979053199291, 0.005989680532366037, 0.005782188847661018, 0.005846605636179447, 0.005695587024092674, 0.005697777960449457], "val_loss": [0.4506634473800659, 0.05298984795808792, 0.05078565329313278, 0.024571971967816353, 0.017888406291604042, 0.014408066868782043, 0.015221123583614826, 0.01114090159535408, 0.011124689131975174, 0.01065930537879467, 0.01003059558570385, 0.009446111507713795, 0.00917331874370575, 0.008837755769491196, 0.009106546640396118, 0.00869649089872837, 0.00841139443218708, 0.00823224987834692, 0.008248109370470047, 0.00799727812409401, 0.007882654666900635, 0.007718016393482685, 0.007430235389620066, 0.007589348126202822, 0.007229771465063095, 0.007093062624335289, 0.007304114289581776, 0.0070841130800545216, 0.0070197065360844135, 0.006911389995366335, 0.00692798150703311, 0.006565334275364876, 0.006798858754336834, 0.006772361695766449, 0.006386040709912777, 0.006361149717122316, 0.006681308150291443, 0.006352175958454609, 0.006215830333530903, 0.00633229548111558, 0.006163300015032291, 0.007207302376627922, 0.006163257639855146, 0.006499414797872305, 0.0064508006907999516, 0.00655188225209713, 0.006269390694797039, 0.006544528529047966, 0.005943492520600557, 0.005820597521960735, 0.0059491409920156, 0.006137802265584469, 0.006313180085271597, 0.006171891000121832, 0.00584832951426506, 0.005817761179059744, 0.005702543538063765, 0.006021606270223856, 0.005770305171608925, 0.005886184051632881, 0.006097407545894384, 0.005908606108278036, 0.005895170383155346, 0.005896108690649271, 0.0058052316308021545, 0.005812225863337517, 0.005503327120095491, 0.005594158545136452, 0.0056307390332221985, 0.005975621286779642, 0.005688302684575319, 0.005723624024540186, 0.0057836854830384254, 0.005548055749386549, 0.005381705705076456, 0.00565386051312089, 0.005795241799205542, 0.005751166958361864, 0.005315001122653484, 0.005556828808039427, 0.005578844342380762, 0.005901555065065622, 0.005645309574902058, 0.005631451029330492, 0.005519504193216562, 0.005869850516319275, 0.00618296954780817, 0.00563103286549449, 0.005297498777508736, 0.005679495166987181, 0.005908810067921877, 0.0053220707923173904, 0.005464790854603052, 0.005734334699809551, 0.0057020653039216995, 0.005427725147455931, 0.005276767071336508, 0.005621469579637051, 0.0058110919781029224, 0.005597251933068037], "reconstruction_loss": [], "kl_loss": []}