{"loss": [0.01522824726998806, 0.006351805292069912, 0.006235935725271702, 0.005964352749288082, 0.004732126370072365], "val_loss": [0.006263218820095062, 0.005331790074706078, 0.005620243027806282, 0.00573788583278656, 0.003918283153325319], "reconstruction_loss": [], "kl_loss": []}