{"loss": [0.8918803930282593, 0.6350947618484497, 0.5311530232429504, 0.4760254919528961, 0.45794379711151123, 0.4475727379322052, 0.4403918981552124, 0.4355595111846924, 0.43130022287368774, 0.4285304844379425, 0.42386773228645325, 0.4197148382663727, 0.41925856471061707, 0.4121038019657135, 0.40657535195350647, 0.40150144696235657, 0.3969769775867462, 0.3915412425994873, 0.3886836767196655, 0.3884652256965637, 0.386582612991333, 0.3784598708152771, 0.37019115686416626, 0.36403101682662964, 0.3597101867198944, 0.35422542691230774, 0.34947580099105835, 0.3420843482017517, 0.33657535910606384, 0.33286184072494507, 0.3280024826526642, 0.32643505930900574, 0.3191632628440857, 0.31391048431396484, 0.3086407780647278, 0.30157411098480225, 0.2956855297088623, 0.28905969858169556, 0.28390631079673767, 0.2790111303329468, 0.271139919757843, 0.26589635014533997, 0.26357266306877136, 0.26076045632362366, 0.25414422154426575, 0.2493046522140503, 0.24264703691005707, 0.23821189999580383, 0.23227182030677795, 0.22856445610523224], "val_loss": [0.910841166973114, 0.89201819896698, 0.8696523308753967, 0.8442553877830505, 0.8232399225234985, 0.8058773279190063, 0.7876890897750854, 0.7793123722076416, 0.7802470922470093, 0.770313024520874, 0.7661885023117065, 0.7646214365959167, 0.7299116849899292, 0.7017076015472412, 0.6926648020744324, 0.659427285194397, 0.6601163744926453, 0.6396113038063049, 0.6172214150428772, 0.5939819812774658, 0.6048446893692017, 0.5820064544677734, 0.5695397853851318, 0.5554865598678589, 0.5449421405792236, 0.5274055004119873, 0.5234916806221008, 0.526664137840271, 0.5216635465621948, 0.5061063170433044, 0.505429744720459, 0.5005055665969849, 0.5003648996353149, 0.49764779210090637, 0.4822618365287781, 0.4908820390701294, 0.49736881256103516, 0.4978252947330475, 0.4924427568912506, 0.4877271056175232, 0.49463775753974915, 0.49647286534309387, 0.491933137178421, 0.4898204803466797, 0.5108175873756409, 0.5074969530105591, 0.5099847316741943, 0.49664559960365295, 0.5066403150558472, 0.49871230125427246]}