{"loss": [0.08233042061328888, 0.025956276804208755, 0.018792230635881424, 0.01620352454483509, 0.015397856943309307, 0.015039601363241673, 0.014829415827989578, 0.014739267528057098, 0.014657110907137394, 0.014551146887242794, 0.014543741010129452, 0.014487269334495068, 0.014456573873758316, 0.01444253046065569, 0.014418323524296284, 0.01429113931953907, 0.014213749207556248, 0.013996628113090992, 0.014045697636902332, 0.014141082763671875, 0.014006505720317364, 0.014231843873858452, 0.013729559257626534, 0.01361442543566227, 0.013530210591852665, 0.013238457962870598, 0.013721645809710026, 0.013395184651017189, 0.013132202439010143, 0.012844294309616089, 0.012554029002785683, 0.013897945173084736, 0.013303376734256744, 0.012662870809435844, 0.012317955493927002, 0.012026403099298477, 0.01190379448235035, 0.012109164148569107, 0.012328384444117546, 0.01167984213680029, 0.011528690345585346, 0.01132487878203392, 0.011334375478327274, 0.011167505756020546, 0.011080647818744183, 0.010893194004893303, 0.011040743440389633, 0.010679701343178749, 0.010667489841580391, 0.011174719780683517], "val_loss": [0.02912626788020134, 0.020290914922952652, 0.015273520722985268, 0.01419086754322052, 0.014218077063560486, 0.013670005835592747, 0.013432507403194904, 0.013283444568514824, 0.01325925812125206, 0.013357037678360939, 0.013214480131864548, 0.013277013786137104, 0.013516774401068687, 0.013147433288395405, 0.012984688393771648, 0.013021841645240784, 0.012868309393525124, 0.012801216915249825, 0.013041199184954166, 0.01353010255843401, 0.014012090861797333, 0.0126859275624156, 0.012611540965735912, 0.01300144474953413, 0.012503526173532009, 0.013563504442572594, 0.012825900688767433, 0.0122056994587183, 0.012548656202852726, 0.011899326927959919, 0.013687985949218273, 0.012601395137608051, 0.011932565830647945, 0.01190313883125782, 0.011567920446395874, 0.01126925554126501, 0.011180642992258072, 0.01261263620108366, 0.011281429789960384, 0.011132141575217247, 0.010979466140270233, 0.01072065532207489, 0.010762227699160576, 0.01065013650804758, 0.010564830154180527, 0.010445898398756981, 0.010379611514508724, 0.010556104592978954, 0.01038406789302826, 0.01048908568918705]}