{"loss": [1311.8104248046875, 8540.5341796875, 18787.74609375, 34625.421875, 4542.3955078125, 3597.208984375, 579.5925903320312, 1074328.375, 43905.44921875, 66952.578125, 452357.5625, 60839.8828125], "val_loss": [90.94253540039062, 32.150238037109375, 748.2089233398438, 5113.521484375, 6669.3056640625, 198.20726013183594, 254236.765625, 13260.6181640625, 30130.2265625, 1009705.375, 17938.47265625, 17348570.0], "reconstruction_loss": [], "kl_loss": []}