{"loss": [0.0061334469355642796, 0.004193552304059267, 0.0038436264730989933, 0.003757053054869175, 0.00370202399790287, 0.0032413427252322435, 0.0031327151227742434, 0.0029825076926499605, 0.002911510644480586, 0.0028440337628126144, 0.0027831783518195152, 0.002772843698039651, 0.0026903515681624413, 0.002733021741732955, 0.00268006045371294, 0.002504190430045128, 0.0023613753728568554, 0.0022515011951327324, 0.0022902016062289476, 0.002414809074252844, 0.0023439445067197084, 0.002188492799177766, 0.0021532864775508642, 0.002095349133014679, 0.002206912264227867, 0.0022189125884324312, 0.0024999447632580996, 0.0021068642381578684, 0.001981486799195409, 0.0018542163306847215], "val_loss": [0.004008898511528969, 0.0037966908421367407, 0.003600959898903966, 0.004433225374668837, 0.0034824826288968325, 0.003555675270035863, 0.0032952812034636736, 0.003427303396165371, 0.00341419642791152, 0.0033152024261653423, 0.003493247553706169, 0.0032858075574040413, 0.0032659408170729876, 0.003665484022349119, 0.0033657271414995193, 0.0034785307943820953, 0.003231835551559925, 0.003278867108747363, 0.00425694277510047, 0.003337966976687312, 0.0032824089284986258, 0.003334115957841277, 0.0032459180802106857, 0.003238407662138343, 0.0033240048214793205, 0.004359932150691748, 0.0033668491523712873, 0.0033758326899260283, 0.0032433427404612303, 0.003294673515483737], "reconstruction_loss": [], "kl_loss": []}