{"loss": [0.08847092092037201, 0.022108828648924828, 0.01644056849181652, 0.014896530658006668, 0.014304563403129578, 0.014073164202272892, 0.013919021934270859, 0.013859646394848824, 0.013780155219137669, 0.013730078935623169, 0.013724694959819317, 0.013691441155970097, 0.01366480067372322, 0.013645270839333534, 0.013491043820977211, 0.013407227583229542, 0.013806162402033806, 0.01350098755210638, 0.01311702374368906, 0.012906119227409363, 0.012698424980044365, 0.012544465251266956, 0.013053768314421177, 0.01282221358269453, 0.012509483844041824, 0.012161079794168472, 0.012047527357935905, 0.011944454163312912, 0.012110354378819466, 0.011705729179084301, 0.011666989885270596, 0.011679797433316708, 0.011377090588212013, 0.011129224672913551, 0.011154101230204105, 0.010827423073351383, 0.010713503696024418, 0.011726835742592812, 0.010968244634568691, 0.010533085092902184, 0.01039181463420391, 0.010174351744353771, 0.010060581378638744, 0.009909757412970066, 0.01020346861332655, 0.010752006433904171, 0.010298882611095905, 0.009969248436391354, 0.009735970757901669, 0.009520212188363075, 0.009367081336677074, 0.0092191556468606, 0.009090119041502476, 0.008998572826385498, 0.008933361619710922, 0.00898421835154295, 0.008654099889099598, 0.008557810448110104, 0.008666114881634712, 0.008338256739079952, 0.008151775225996971, 0.007974769920110703, 0.008617271669209003, 0.0079035684466362, 0.007708390709012747, 0.007522003725171089, 0.007562716957181692, 0.007617701310664415, 0.007554336916655302, 0.007233489770442247, 0.0069932411424815655, 0.006882940419018269, 0.006962051149457693, 0.0066858986392617226, 0.006567657459527254, 0.006681297440081835, 0.0064720045775175095, 0.006234180647879839, 0.006094850599765778, 0.005943866912275553, 0.005946711637079716, 0.005701759830117226, 0.005520709324628115, 0.00544485030695796, 0.005481382366269827, 0.005191659554839134, 0.00532360328361392, 0.00528064975515008, 0.005012956447899342, 0.004749739076942205, 0.0046600778587162495, 0.004475011490285397, 0.004349451046437025, 0.004253694787621498, 0.004238825291395187, 0.00411671819165349, 0.0040268320590257645, 0.0038829443510621786, 0.0037438978906720877, 0.004044887609779835], "val_loss": [0.022733308374881744, 0.01652592606842518, 0.013553298078477383, 0.013223891146481037, 0.013256783597171307, 0.012536688707768917, 0.012624584138393402, 0.012469463050365448, 0.012417208403348923, 0.012581965886056423, 0.012625846080482006, 0.012437365017831326, 0.012539581395685673, 0.012431587092578411, 0.012488719075918198, 0.012165381573140621, 0.012314717285335064, 0.012152873910963535, 0.012232356704771519, 0.011751225218176842, 0.011986601166427135, 0.011427661404013634, 0.011654702946543694, 0.011600678786635399, 0.011411042883992195, 0.011388433165848255, 0.011710891500115395, 0.011294946074485779, 0.011024542152881622, 0.011183741502463818, 0.011870689690113068, 0.011109542101621628, 0.010860471986234188, 0.010578484274446964, 0.010388375259935856, 0.010386169888079166, 0.010695774108171463, 0.010764792561531067, 0.010385243222117424, 0.010084385052323341, 0.009912393987178802, 0.00981198251247406, 0.009701111353933811, 0.009670536033809185, 0.01164791826158762, 0.00989103876054287, 0.010075987316668034, 0.00982095766812563, 0.009430822916328907, 0.009413862600922585, 0.009368530474603176, 0.009221142157912254, 0.009172851219773293, 0.009167227894067764, 0.00904996320605278, 0.009018008597195148, 0.008860938251018524, 0.008911989629268646, 0.008725275285542011, 0.008739101700484753, 0.008580326102674007, 0.00854844506829977, 0.008540968410670757, 0.008377661928534508, 0.008290312252938747, 0.008422676473855972, 0.008188597857952118, 0.008373240940272808, 0.008425824344158173, 0.008253023028373718, 0.008100471459329128, 0.008107156492769718, 0.008105817250907421, 0.008225826546549797, 0.008119801990687847, 0.00828438438475132, 0.008073501288890839, 0.008173664100468159, 0.008148391731083393, 0.00831557996571064, 0.008271404542028904, 0.008106832392513752, 0.00821339339017868, 0.008332701399922371, 0.008196834474802017, 0.008156238123774529, 0.008239993825554848, 0.008222018368542194, 0.00826845970004797, 0.008265750482678413, 0.008432126604020596, 0.00837961956858635, 0.008390098810195923, 0.00832418818026781, 0.008460075594484806, 0.008456863462924957, 0.008534736931324005, 0.008384098298847675, 0.008749582804739475, 0.009551090188324451], "reconstruction_loss": [], "kl_loss": []}