{"loss": [5199577.0, 1177.9801025390625, 365.8795471191406, 210.2851104736328, 141.03443908691406, 101.01947021484375, 77.70904541015625, 62.110626220703125, 49.26689910888672, 40.558738708496094, 33.941017150878906, 29.29948616027832, 23.99005126953125, 20.371810913085938, 17.804187774658203, 15.5347261428833, 13.469212532043457, 11.978010177612305, 10.833529472351074, 9.690446853637695, 8.528614044189453, 8.657465934753418, 7.195032596588135, 5.953381061553955, 5.743484020233154, 4.820215225219727, 4.479016304016113, 4.079607009887695, 3.5323498249053955, 3.657656669616699, 3.0580320358276367, 3.3097879886627197, 2.6004045009613037, 2.639954090118408, 2.5646326541900635], "val_loss": [2800.338623046875, 510.48870849609375, 259.503173828125, 161.9932098388672, 110.29006958007812, 82.39667510986328, 63.14381790161133, 49.065452575683594, 40.27663803100586, 33.53939437866211, 27.42666244506836, 22.915721893310547, 19.8377628326416, 17.625795364379883, 15.414706230163574, 13.210280418395996, 10.991703987121582, 9.823651313781738, 8.880630493164062, 9.128443717956543, 9.451160430908203, 6.209538459777832, 5.6531662940979, 4.982234954833984, 4.564549922943115, 4.658737659454346, 3.6893703937530518, 3.8845298290252686, 3.5970242023468018, 3.3141708374023438, 3.343813896179199, 2.27830171585083, 2.187255382537842, 2.312446117401123, 1.6494125127792358], "reconstruction_loss": [], "kl_loss": []}