{"loss": [0.10991785675287247, 0.077191561460495, 0.03273507207632065, 0.019557517021894455, 0.01630689762532711, 0.015163221396505833, 0.01466249767690897, 0.014386416412889957, 0.014189660549163818, 0.014061015099287033, 0.013985320925712585, 0.013877661898732185, 0.013832124881446362, 0.013749931007623672, 0.013694237917661667, 0.013662326149642467, 0.013613561168313026, 0.013600362464785576, 0.013632184825837612, 0.013637220486998558, 0.013582793064415455, 0.013453545048832893, 0.013366653583943844, 0.013312822207808495, 0.013281107880175114, 0.013381237164139748, 0.013150523416697979, 0.012968659400939941, 0.012738202698528767, 0.01245392207056284, 0.012260029092431068, 0.011954253539443016, 0.011600123718380928, 0.011424587108194828, 0.011325507424771786, 0.011048627085983753, 0.010892342776060104, 0.010725593194365501, 0.010651884600520134, 0.010510845109820366, 0.01122786570340395, 0.010511989705264568, 0.010223491117358208, 0.010099269449710846, 0.009895912371575832, 0.009777532890439034, 0.009684961289167404, 0.009610523469746113, 0.009464094415307045, 0.009365118108689785, 0.009731464087963104, 0.009251558221876621, 0.009086020290851593, 0.008910943754017353, 0.008766182698309422, 0.009670875035226345, 0.00919889472424984, 0.009008994325995445, 0.008659281767904758, 0.00846857763826847, 0.008298061788082123, 0.00818812008947134, 0.00807935930788517, 0.007954898290336132, 0.008223403245210648, 0.007934773340821266, 0.007826626300811768, 0.007722331676632166, 0.007570332381874323, 0.007521238178014755, 0.007379742339253426, 0.007613553199917078, 0.007354230619966984, 0.00721954507753253, 0.007148954086005688, 0.0070573873817920685, 0.007010547909885645, 0.006940189749002457, 0.006843027658760548, 0.006723509635776281, 0.006655383389443159, 0.006592872552573681, 0.006414581090211868, 0.006626634858548641, 0.006547824013978243, 0.006683023646473885, 0.0064071668311953545, 0.006267264485359192, 0.006163727957755327, 0.005977501627057791, 0.005989033728837967, 0.0059802718460559845, 0.005850506480783224, 0.005693031474947929, 0.0056190029717981815, 0.005518925376236439, 0.0056249420158565044, 0.005522408057004213, 0.005444548558443785, 0.005321031901985407], "val_loss": [0.10564324259757996, 0.040134478360414505, 0.020236089825630188, 0.015293673612177372, 0.014429759234189987, 0.013417892158031464, 0.013056730851531029, 0.01299953181296587, 0.012821159325540066, 0.012930536642670631, 0.012558686546981335, 0.012568851932883263, 0.012571771629154682, 0.012405399233102798, 0.012430301867425442, 0.01230340451002121, 0.012267435900866985, 0.012257087975740433, 0.012368704192340374, 0.01256728544831276, 0.012271742336452007, 0.012142732739448547, 0.012062804773449898, 0.012153842486441135, 0.012221631594002247, 0.01194759551435709, 0.011777305975556374, 0.012139106169342995, 0.011499892920255661, 0.011385203339159489, 0.011328116990625858, 0.01104088593274355, 0.010911112651228905, 0.010602401569485664, 0.010632012970745564, 0.010373746044933796, 0.01028460543602705, 0.010281669907271862, 0.010062897577881813, 0.011616198346018791, 0.009996029548346996, 0.009854765608906746, 0.009741315618157387, 0.009632731787860394, 0.009498764760792255, 0.009486653842031956, 0.009443150833249092, 0.009267670102417469, 0.009259241633117199, 0.009363112971186638, 0.00911286473274231, 0.009013960137963295, 0.008969081565737724, 0.008783101104199886, 0.009034876711666584, 0.009071999229490757, 0.00933410320430994, 0.008826480247080326, 0.008494570851325989, 0.008480146527290344, 0.008352646604180336, 0.008277918212115765, 0.008253203704953194, 0.008234536275267601, 0.00828149076551199, 0.008419443853199482, 0.00816806685179472, 0.007945691235363483, 0.008153628557920456, 0.007975962944328785, 0.007877867668867111, 0.00783921405673027, 0.007782503962516785, 0.007965986616909504, 0.007723644375801086, 0.007708235178142786, 0.007624371908605099, 0.007911743596196175, 0.007623062469065189, 0.00756185594946146, 0.0076029603369534016, 0.0075582158751785755, 0.007542598061263561, 0.007574412506073713, 0.008379384875297546, 0.00775144062936306, 0.00773491570726037, 0.007627496961504221, 0.007432638201862574, 0.00762244313955307, 0.007484183646738529, 0.007460037246346474, 0.007555513642728329, 0.0073905568569898605, 0.007391872815787792, 0.007355924230068922, 0.007420702371746302, 0.0075352671556174755, 0.007409876678138971, 0.007362689822912216], "reconstruction_loss": [], "kl_loss": []}