{"loss": [0.10722615569829941, 0.040852468460798264, 0.01993485353887081, 0.016268553212285042, 0.015049552544951439, 0.014447171241044998, 0.014149834401905537, 0.013962410390377045, 0.013851615600287914, 0.013782170601189137, 0.013759943656623363, 0.013697071000933647, 0.013645621947944164, 0.013713022693991661, 0.013542753644287586, 0.013494943268597126, 0.013539140112698078, 0.013425350189208984, 0.013312357477843761, 0.013210784643888474, 0.013056812807917595, 0.012747610919177532, 0.012604398652911186, 0.01230428833514452, 0.01186725776642561, 0.011700386181473732, 0.011422104202210903, 0.011413305066525936, 0.011150705628097057, 0.010971622541546822, 0.01078534871339798, 0.010748923756182194, 0.01059733610600233, 0.010598292574286461, 0.010470561683177948, 0.01024520955979824, 0.01004136074334383, 0.009943722747266293, 0.010037663392722607, 0.00994369201362133, 0.009815610945224762, 0.009648699313402176, 0.009387974627315998, 0.009236222133040428, 0.00916749332100153, 0.009399027563631535, 0.00917788129299879, 0.008868278935551643, 0.008726537227630615, 0.008547449484467506, 0.008436569012701511, 0.00868879072368145, 0.00829045008867979, 0.008238057605922222, 0.008040365763008595, 0.008203841745853424, 0.007910327985882759, 0.007977042347192764, 0.007767926435917616, 0.007671619765460491, 0.00753191439434886, 0.0077717239037156105, 0.007455134764313698, 0.007386406883597374, 0.007209256291389465, 0.007132065482437611, 0.0073739318177104, 0.007143898401409388, 0.006904336623847485, 0.006847938057035208, 0.006747530307620764, 0.0066177272237837315, 0.00649067061021924, 0.006458737421780825, 0.006258361041545868, 0.006481820251792669, 0.006263888441026211, 0.006081957835704088, 0.005992155987769365, 0.006099643651396036, 0.005986906588077545, 0.005764096975326538, 0.00562385655939579, 0.005576136521995068, 0.005432512145489454, 0.005412929225713015, 0.005392458289861679, 0.005203487351536751, 0.005120806861668825, 0.00517963757738471, 0.004942392464727163, 0.004838037304580212, 0.004834637511521578, 0.004933709744364023, 0.004928829614073038, 0.00468455022200942, 0.004577782936394215, 0.004533775150775909, 0.004481117706745863, 0.0043289558961987495], "val_loss": [0.06056928262114525, 0.020686207339167595, 0.015187802724540234, 0.013938012532889843, 0.013120358809828758, 0.013056647032499313, 0.012739612720906734, 0.012652951292693615, 0.012602548114955425, 0.012382440268993378, 0.012500439770519733, 0.012527115643024445, 0.012350805103778839, 0.012314984574913979, 0.012328331358730793, 0.012240303680300713, 0.012278799898922443, 0.012189310044050217, 0.012271604500710964, 0.011875730939209461, 0.011824006214737892, 0.011520715430378914, 0.011566711589694023, 0.01115771010518074, 0.010938488878309727, 0.010780592449009418, 0.011057768948376179, 0.010723479092121124, 0.010501334443688393, 0.010343669913709164, 0.010333706624805927, 0.010289516299962997, 0.010137710720300674, 0.01032298058271408, 0.009944495745003223, 0.009703499265015125, 0.00962440762668848, 0.009999695234000683, 0.00965081062167883, 0.009520992636680603, 0.009356456808745861, 0.009194707497954369, 0.009058023802936077, 0.00904096756130457, 0.008878860622644424, 0.009434678591787815, 0.008812547661364079, 0.008689336478710175, 0.008543714880943298, 0.008471961133182049, 0.008603404276072979, 0.008523347787559032, 0.00837963167577982, 0.008274625055491924, 0.008230294100940228, 0.008227620273828506, 0.008062807843089104, 0.008098319172859192, 0.007960405200719833, 0.007943135686218739, 0.008009042590856552, 0.007928994484245777, 0.007824540138244629, 0.007738512475043535, 0.007843928411602974, 0.007659556344151497, 0.007638246286660433, 0.007661815732717514, 0.00761444354429841, 0.00759690860286355, 0.007658862043172121, 0.007541761267930269, 0.007538375910371542, 0.0074748690240085125, 0.007476599421352148, 0.007554574403911829, 0.007572207599878311, 0.0074469861574471, 0.007802225183695555, 0.007512813434004784, 0.00720340246334672, 0.007357295136898756, 0.0072910175658762455, 0.00720474636182189, 0.0072557274252176285, 0.00737248407676816, 0.007149963639676571, 0.007148974575102329, 0.0072599416598677635, 0.0070555065758526325, 0.007137926761060953, 0.007103115785866976, 0.007358318194746971, 0.007168151438236237, 0.0071853832341730595, 0.007080812472850084, 0.007022693753242493, 0.007032583002001047, 0.007092084735631943, 0.007135413587093353], "reconstruction_loss": [], "kl_loss": []}