{"loss": [0.21097677946090698, 0.15827246010303497, 0.13955627381801605, 0.12691178917884827, 0.11224356293678284, 0.09674850851297379, 0.08281553536653519, 0.07150361686944962, 0.06271044164896011, 0.05577995255589485, 0.0508064366877079, 0.047054942697286606, 0.044106386601924896, 0.04176470264792442, 0.039980389177799225, 0.03861621767282486, 0.03771798685193062, 0.03703511506319046, 0.036477211862802505, 0.035960499197244644, 0.03544602543115616, 0.03474810719490051, 0.03416058048605919, 0.033494047820568085, 0.03323899582028389, 0.03287237510085106, 0.03256332129240036, 0.03225645795464516, 0.03195105865597725, 0.031799327582120895, 0.031522177159786224, 0.03142499178647995, 0.031289540231227875, 0.031073827296495438, 0.030830616131424904, 0.03069302625954151, 0.030589722096920013, 0.030490819364786148, 0.030308617278933525, 0.030186302959918976, 0.029996296390891075, 0.029663069173693657, 0.028703901916742325, 0.02852674387395382, 0.028398390859365463, 0.02822927013039589, 0.028125176206231117, 0.0280525591224432, 0.027950676158070564, 0.027892369776964188], "val_loss": [0.14591838419437408, 0.14277945458889008, 0.13524819910526276, 0.12743985652923584, 0.11604978889226913, 0.10205310583114624, 0.08700858801603317, 0.07213496416807175, 0.059537921100854874, 0.048997681587934494, 0.04085235670208931, 0.03471287339925766, 0.030280165374279022, 0.02692994847893715, 0.02501745894551277, 0.023470286279916763, 0.022525392472743988, 0.02198212780058384, 0.021604305133223534, 0.021430866792798042, 0.021462516859173775, 0.021579241380095482, 0.021800292655825615, 0.021992027759552002, 0.022272994741797447, 0.022613707929849625, 0.02313869260251522, 0.023707015439867973, 0.0246916264295578, 0.02558337152004242, 0.026435084640979767, 0.027012532576918602, 0.02771914377808571, 0.02815295197069645, 0.029065027832984924, 0.029488570988178253, 0.030397366732358932, 0.03058968484401703, 0.031380608677864075, 0.03175007179379463, 0.032138627022504807, 0.032341696321964264, 0.032531578093767166, 0.033162396401166916, 0.03444024547934532, 0.03502717241644859, 0.03544130548834801, 0.035924408584833145, 0.03588741645216942, 0.0363134928047657]}