{"loss": [0.9229719042778015, 0.6564500331878662, 0.5447240471839905, 0.485410213470459, 0.45826536417007446, 0.44871583580970764, 0.4404025673866272, 0.43375104665756226, 0.4295251667499542, 0.42610615491867065, 0.421674907207489, 0.416396826505661, 0.41390901803970337, 0.40892961621284485, 0.4024316668510437, 0.3961327373981476, 0.39208105206489563, 0.38634902238845825, 0.38255274295806885, 0.3766831159591675, 0.37232932448387146, 0.36761417984962463, 0.36388465762138367, 0.3587878346443176, 0.3531706631183624, 0.34869977831840515, 0.3422858715057373, 0.33721524477005005, 0.33322659134864807, 0.32816535234451294, 0.32427462935447693, 0.31591901183128357, 0.3104459345340729, 0.3036893904209137, 0.2987914979457855, 0.2925776243209839, 0.2876420319080353, 0.2815399169921875, 0.2815726697444916, 0.2722383141517639, 0.2680678069591522, 0.2614940404891968, 0.2572685778141022, 0.2525288462638855, 0.24702239036560059, 0.2467658966779709, 0.2377629578113556, 0.23172353208065033, 0.22730891406536102, 0.22144187986850739], "val_loss": [0.9120087027549744, 0.8930706977844238, 0.8713887929916382, 0.8504990339279175, 0.8364858031272888, 0.8292509317398071, 0.8303712606430054, 0.8235769867897034, 0.8185108304023743, 0.8244282603263855, 0.8113245368003845, 0.7853823304176331, 0.7748209238052368, 0.7522351741790771, 0.7380002737045288, 0.7165298461914062, 0.7362332344055176, 0.7511136531829834, 0.7362377643585205, 0.7147226333618164, 0.694261372089386, 0.6893510818481445, 0.6707085371017456, 0.6507847309112549, 0.6244342923164368, 0.5948527455329895, 0.5978760719299316, 0.5908862948417664, 0.5919198989868164, 0.5708575248718262, 0.5716445446014404, 0.5480543971061707, 0.5480798482894897, 0.5558437705039978, 0.5432877540588379, 0.5659308433532715, 0.5740909576416016, 0.5822274684906006, 0.5728191137313843, 0.5610902309417725, 0.5412591695785522, 0.5457743406295776, 0.5404592752456665, 0.5304079055786133, 0.5376489758491516, 0.5227756500244141, 0.5294793248176575, 0.5260558128356934, 0.5295250415802002, 0.5463262796401978]}