{"loss": [0.1319330781698227, 0.03750883787870407, 0.027112724259495735, 0.02260529063642025, 0.020128648728132248, 0.018650071695446968, 0.017482440918684006, 0.016624486073851585, 0.015902535989880562, 0.015388313680887222, 0.014979835599660873, 0.014666043221950531, 0.014455651864409447, 0.014267710968852043, 0.014126196503639221, 0.013947030529379845, 0.01380953099578619, 0.013680962845683098, 0.013539069332182407, 0.013361644931137562, 0.013265080749988556, 0.01314434502273798, 0.013055621646344662, 0.012882542796432972, 0.012763069942593575, 0.012676450423896313, 0.012601155787706375, 0.012489641085267067, 0.012459355406463146, 0.01238917838782072, 0.012330914847552776, 0.012149276211857796, 0.012105746194720268, 0.011977524496614933, 0.011904376558959484, 0.0118410000577569, 0.011764977127313614, 0.011789673939347267, 0.011752976104617119, 0.011619103141129017, 0.011538781225681305, 0.01146798674017191, 0.01140911877155304, 0.011342329904437065, 0.011249102652072906, 0.011234489269554615, 0.01114130113273859, 0.011103778146207333, 0.011102446354925632, 0.011021560989320278, 0.011012393981218338, 0.010992922820150852, 0.010897461324930191, 0.010880250483751297, 0.01088020484894514, 0.010721825063228607, 0.01062831562012434, 0.01059628464281559, 0.01084254402667284, 0.010617068037390709, 0.010590802878141403, 0.010555809363722801, 0.010371345095336437, 0.010233343578875065, 0.010185555554926395, 0.01007726788520813, 0.010030199773609638, 0.00998044852167368, 0.009872330352663994, 0.009818059392273426, 0.00974449422210455, 0.009702094830572605, 0.0096038319170475, 0.009551901370286942, 0.009534168057143688, 0.009465876035392284, 0.00945555791258812, 0.009408664889633656, 0.009380070492625237, 0.009251099079847336, 0.009289954788982868, 0.009193570353090763, 0.009103110991418362, 0.009010948240756989, 0.00909076351672411, 0.009018061682581902, 0.008966871537268162, 0.008817115798592567, 0.008845658041536808, 0.008703538216650486, 0.008644059300422668, 0.008550840429961681, 0.008453181013464928, 0.008433890528976917, 0.008313937112689018, 0.00830849539488554, 0.008260956965386868, 0.008399063721299171, 0.00828766543418169, 0.008216995745897293], "val_loss": [0.10801233351230621, 0.1048993468284607, 0.10280808061361313, 0.10081438720226288, 0.09949786961078644, 0.0997256189584732, 0.1012098640203476, 0.10323210805654526, 0.10565770417451859, 0.10933514684438705, 0.11403342336416245, 0.11965838819742203, 0.12500989437103271, 0.13092640042304993, 0.13661395013332367, 0.14135275781154633, 0.14674042165279388, 0.15155886113643646, 0.1562570482492447, 0.16089734435081482, 0.16602866351604462, 0.1707734614610672, 0.17364315688610077, 0.17833368480205536, 0.1820269376039505, 0.18450962007045746, 0.1864388883113861, 0.1891048699617386, 0.18922877311706543, 0.19020524621009827, 0.19186745584011078, 0.19157162308692932, 0.19276480376720428, 0.19361597299575806, 0.1942257583141327, 0.19537872076034546, 0.19758664071559906, 0.19816380739212036, 0.19956745207309723, 0.20085544884204865, 0.20163987576961517, 0.20299777388572693, 0.20470796525478363, 0.20584912598133087, 0.20635153353214264, 0.20802423357963562, 0.20899158716201782, 0.20982626080513, 0.2103060930967331, 0.2112829089164734, 0.21126623451709747, 0.21192185580730438, 0.2131570428609848, 0.2127680629491806, 0.21358774602413177, 0.2138209044933319, 0.2151491492986679, 0.21388405561447144, 0.21512380242347717, 0.21398869156837463, 0.21528588235378265, 0.21411187946796417, 0.21507598459720612, 0.21498484909534454, 0.21494907140731812, 0.21452602744102478, 0.2129870057106018, 0.21219922602176666, 0.21296873688697815, 0.21285580098628998, 0.20726023614406586, 0.2114398181438446, 0.20404669642448425, 0.20989972352981567, 0.2015906125307083, 0.20773181319236755, 0.1943453848361969, 0.19736774265766144, 0.19075752794742584, 0.18694470822811127, 0.18702267110347748, 0.1808476746082306, 0.17697963118553162, 0.18069173395633698, 0.16900745034217834, 0.17190992832183838, 0.17412418127059937, 0.1708829700946808, 0.1702268421649933, 0.17122085392475128, 0.17339691519737244, 0.17120347917079926, 0.16982832551002502, 0.16610358655452728, 0.1626836210489273, 0.16782674193382263, 0.15904797613620758, 0.16103950142860413, 0.146796315908432, 0.14536713063716888]}