{"loss": [0.03284379467368126, 0.009060868062078953, 0.006551458965986967, 0.007157857064157724, 0.005909591447561979, 0.005286623258143663, 0.005015320144593716, 0.005131619516760111, 0.005079229362308979, 0.005078746471554041, 0.004880365915596485, 0.0048578898422420025, 0.004573201294988394, 0.004536378663033247, 0.004764036275446415, 0.004365771543234587, 0.004457137081772089, 0.00455767335370183, 0.004481453448534012, 0.004485970363020897], "val_loss": [0.7628140449523926, 0.45452380180358887, 0.04290921613574028, 0.035924140363931656, 0.028120169416069984, 0.013226077891886234, 0.008057788014411926, 0.005489046685397625, 0.005859259981662035, 0.00474730646237731, 0.00527540035545826, 0.005791910458356142, 0.005782946944236755, 0.007551260758191347, 0.004664608743041754, 0.007267551030963659, 0.007827539928257465, 0.006899314001202583, 0.014889471232891083, 0.007894115522503853]}