{"loss": [0.02726110629737377, 0.008051103912293911, 0.006233810447156429, 0.005658183712512255, 0.005425336305052042, 0.005400203634053469, 0.005068596918135881, 0.0048964666202664375, 0.0054171327501535416, 0.004800569731742144, 0.005041838623583317, 0.005312731955200434, 0.004996181465685368, 0.004990602843463421, 0.004788233898580074, 0.004485119134187698, 0.0045325965620577335, 0.004414011724293232, 0.004351770505309105, 0.004331805743277073], "val_loss": [0.03141748160123825, 0.056998785585165024, 0.016388025134801865, 0.018712133169174194, 0.009341028518974781, 0.0057420069351792336, 0.005872407928109169, 0.011184870265424252, 0.004805450327694416, 0.007356570102274418, 0.23100313544273376, 0.042895011603832245, 0.07812444120645523, 0.0763491690158844, 0.020439619198441505, 0.006468509789556265, 0.008327116258442402, 0.005277554504573345, 0.008401741273701191, 0.010521181859076023]}