{"loss": [14129.171875, 3.6096601486206055, 2.15598464012146, 1.4523446559906006, 1.0472309589385986, 0.794386088848114, 0.6210749745368958, 0.5037184953689575, 0.41592147946357727, 0.34792765974998474, 0.2978512644767761, 0.2575012743473053, 0.22422915697097778, 0.19442735612392426, 0.1713891178369522, 0.15149889886379242, 0.13667935132980347, 0.12451901286840439, 0.10759646445512772, 0.09735017269849777, 0.08901500701904297, 0.0808701142668724, 0.07079247385263443, 0.06285407394170761, 0.057618219405412674, 0.049746278673410416, 0.047865454107522964, 0.04093023017048836, 0.03733043372631073, 0.03354203328490257, 0.03037668764591217, 0.02678748220205307, 0.024679947644472122, 0.0229184590280056, 0.019973866641521454, 0.01814955472946167, 0.01693403162062168, 0.015041590668261051, 0.01411073375493288, 0.01290904637426138, 0.01196196023374796, 0.011293059214949608, 0.010139723308384418, 0.009443875402212143, 0.008882652036845684, 0.008588716387748718, 0.00811228808015585, 0.007451999466866255, 0.0071898954920470715, 0.006951944902539253, 0.006664936896413565, 0.006552938837558031, 0.0062570273876190186, 0.0061352006159722805, 0.0059060933999717236, 0.005632961168885231, 0.0055284951813519, 0.005382324568927288, 0.005378201603889465, 0.0052103386260569096, 0.0052477456629276276, 0.005151246674358845, 0.004984886851161718, 0.00493877287954092, 0.004912078380584717, 0.004933722782880068, 0.0047423942014575005, 0.004623430781066418, 0.004661997780203819, 0.004564084578305483, 0.004509476013481617, 0.00447610579431057, NaN, NaN, NaN, NaN, NaN, NaN, NaN, NaN, NaN, NaN, NaN, NaN, NaN, NaN, NaN, NaN, NaN, NaN, NaN, NaN, NaN, NaN, NaN, NaN, NaN, NaN, NaN, NaN, NaN, NaN, NaN, NaN, NaN, NaN, NaN, NaN, NaN, NaN, NaN, NaN, NaN, NaN, NaN, NaN, NaN, NaN, NaN, NaN], "val_loss": [4.638332366943359, 2.481956958770752, 1.6286084651947021, 1.1686598062515259, 0.8653526902198792, 0.6700592637062073, 0.5345492362976074, 0.4616054892539978, 0.3700352609157562, 0.3155517280101776, 0.2730112075805664, 0.23507900536060333, 0.20567835867404938, 0.1927415281534195, 0.1645001471042633, 0.14478889107704163, 0.1320093870162964, 0.1214066743850708, 0.11104031652212143, 0.09242218732833862, 0.0823809802532196, 0.0754188820719719, 0.07118058949708939, 0.05997120216488838, 0.053341254591941833, 0.05144313722848892, 0.04267974942922592, 0.03965330496430397, 0.037986915558576584, 0.03307974338531494, 0.02844800055027008, 0.026744836941361427, 0.02306048385798931, 0.020927686244249344, 0.019257456064224243, 0.017285512760281563, 0.018258357420563698, 0.016860738396644592, 0.013309736736118793, 0.013877264223992825, 0.013080334290862083, 0.011009205132722855, 0.010078527964651585, 0.009974694810807705, 0.00930825062096119, 0.010351546108722687, 0.008538475260138512, 0.009011744521558285, 0.007749772630631924, 0.007647864520549774, 0.007180224172770977, 0.008589190430939198, 0.00614120252430439, 0.006901733111590147, 0.006117715500295162, 0.005909063387662172, 0.005805358290672302, 0.005587610881775618, 0.005887406412512064, 0.005845245905220509, 0.00729503994807601, 0.005306642968207598, 0.005002242978662252, 0.004974032752215862, 0.0048141381703317165, 0.006104892119765282, 0.004749033600091934, 0.004771250765770674, 0.004809882491827011, 0.0044771949760615826, 0.004465459380298853, 0.004578960593789816, NaN, NaN, NaN, NaN, NaN, NaN, NaN, NaN, NaN, NaN, NaN, NaN, NaN, NaN, NaN, NaN, NaN, NaN, NaN, NaN, NaN, NaN, NaN, NaN, NaN, NaN, NaN, NaN, NaN, NaN, NaN, NaN, NaN, NaN, NaN, NaN, NaN, NaN, NaN, NaN, NaN, NaN, NaN, NaN, NaN, NaN, NaN, NaN], "reconstruction_loss": [], "kl_loss": []}