{"loss": [14129.171875, 3.6096601486206055, 2.15598464012146, 1.4523446559906006, 1.0472309589385986, 0.794386088848114, 0.6210749745368958, 0.5037184953689575, 0.41592147946357727, 0.34792765974998474, 0.2978512644767761, 0.2575012743473053, 0.22422915697097778, 0.19442735612392426, 0.1713891178369522, 0.15149889886379242, 0.13667935132980347, 0.12451901286840439, 0.10759646445512772, 0.09735017269849777, 0.08901500701904297, 0.0808701142668724, 0.07079247385263443, 0.06285407394170761, 0.057618219405412674, 0.049746278673410416, 0.047865454107522964, 0.04093023017048836, 0.03733043372631073, 0.03354203328490257], "val_loss": [4.638332366943359, 2.481956958770752, 1.6286084651947021, 1.1686598062515259, 0.8653526902198792, 0.6700592637062073, 0.5345492362976074, 0.4616054892539978, 0.3700352609157562, 0.3155517280101776, 0.2730112075805664, 0.23507900536060333, 0.20567835867404938, 0.1927415281534195, 0.1645001471042633, 0.14478889107704163, 0.1320093870162964, 0.1214066743850708, 0.11104031652212143, 0.09242218732833862, 0.0823809802532196, 0.0754188820719719, 0.07118058949708939, 0.05997120216488838, 0.053341254591941833, 0.05144313722848892, 0.04267974942922592, 0.03965330496430397, 0.037986915558576584, 0.03307974338531494], "reconstruction_loss": [], "kl_loss": []}