{"loss": [2.5699753761291504, 0.3849702775478363, 0.16856227815151215, 0.09144897758960724, 0.05137764289975166, 0.03457324951887131, 0.02793586254119873, 0.024671588093042374, 0.022468606010079384, 0.02086261846125126, 0.019767239689826965, 0.0189161729067564, 0.018288278952240944, 0.017811229452490807, 0.017429141327738762, 0.0172584131360054, 0.016860365867614746, 0.016477737575769424, 0.016334066167473793, 0.016107963398098946, 0.016514120623469353, 0.017024680972099304, 0.015703953802585602, 0.015475357882678509, 0.023107368499040604, 0.022255275398492813, 0.01920945942401886, 0.016569575294852257, 0.015471148304641247, 0.01551484502851963, 0.014781997539103031, 0.01485469937324524, 0.015115158632397652, 0.016798188909888268, 0.019058339297771454, 0.01595918834209442, 0.015514622442424297, 0.017308998852968216, 0.014524334110319614, 0.014049752615392208, 0.014131545089185238, 0.018927952274680138, 0.015682805329561234, 0.01404143963009119, 0.013909363187849522, 0.019659709185361862, 0.01709330454468727, 0.014718313701450825, 0.014869335107505322, 0.013671022839844227], "val_loss": [0.20275206863880157, 0.21604867279529572, 0.18510298430919647, 0.14769291877746582, 0.12643933296203613, 0.10654186457395554, 0.10147805511951447, 0.10360704362392426, 0.10357882082462311, 0.10868550091981888, 0.11280693858861923, 0.11970720440149307, 0.12098410725593567, 0.1227211207151413, 0.12571650743484497, 0.12631727755069733, 0.12641699612140656, 0.128302201628685, 0.13230016827583313, 0.12838447093963623, 0.12975400686264038, 0.13384154438972473, 0.13566774129867554, 0.13652914762496948, 0.16120120882987976, 0.15309357643127441, 0.1516457200050354, 0.1427568942308426, 0.14051701128482819, 0.1443345546722412, 0.14750446379184723, 0.14581042528152466, 0.13789013028144836, 0.13321052491664886, 0.13939239084720612, 0.14235250651836395, 0.1416269689798355, 0.14485682547092438, 0.14313876628875732, 0.1501730978488922, 0.14960676431655884, 0.13787086308002472, 0.1411883383989334, 0.14088408648967743, 0.14535845816135406, 0.1403178572654724, 0.14183375239372253, 0.14013983309268951, 0.14605070650577545, 0.14131051301956177]}