{"loss": [0.09069478511810303, 0.03781522065401077, 0.02568657137453556, 0.02139933407306671, 0.01807459630072117, 0.016498172655701637, 0.015759559348225594, 0.015480115078389645, 0.015210065059363842, 0.01488448679447174, 0.014864375814795494, 0.014704260043799877, 0.01463351771235466, 0.014718647114932537, 0.014575636945664883, 0.014489349909126759, 0.01444114651530981, 0.014473140239715576, 0.014324950985610485, 0.014305034652352333, 0.014232881367206573, 0.014222696423530579, 0.01413881778717041, 0.01413816399872303, 0.014030777849256992, 0.014001665636897087, 0.013815930113196373, 0.013981041498482227, 0.013931408524513245, 0.013708151876926422, 0.013587885536253452, 0.013620024546980858, 0.013599909842014313, 0.013364423997700214, 0.013262515887618065, 0.013099679723381996, 0.013070729561150074, 0.01279348786920309, 0.012826072983443737, 0.0124883521348238, 0.012408790178596973, 0.01216213870793581, 0.012269802391529083, 0.012063565663993359, 0.01190558448433876, 0.011749792844057083, 0.011551273055374622, 0.011562617495656013, 0.011342044919729233, 0.011171487160027027, 0.011018841527402401, 0.011470457538962364, 0.01107981987297535, 0.011013565585017204, 0.01081748679280281, 0.010742713697254658, 0.010698302648961544, 0.010637703351676464, 0.011054173111915588, 0.010631447657942772, 0.01081970427185297, 0.010601356625556946, 0.010416272096335888, 0.010348038747906685, 0.010295760817825794, 0.010338889434933662, 0.010326361283659935, 0.010330388322472572, 0.010213101282715797, 0.010214602574706078, 0.010141139850020409, 0.010057523846626282, 0.0100554833188653, 0.010122165083885193, 0.01008579321205616, 0.009965560398995876, 0.009945554658770561, 0.009760317392647266, 0.009873374365270138, 0.009753340855240822, 0.00957472249865532, 0.00959066767245531, 0.009742053225636482, 0.009542150422930717, 0.009787446819245815, 0.009731452912092209, 0.00957243051379919, 0.0094220619648695, 0.00929170846939087, 0.009273117408156395, 0.009172280319035053, 0.009149421937763691, 0.00954216718673706, 0.009164837189018726, 0.00906832329928875, 0.008969919756054878, 0.008976477198302746, 0.008976373821496964, 0.008844319730997086, 0.008886408992111683], "val_loss": [0.0588892363011837, 0.027125738561153412, 0.02010374888777733, 0.017556628212332726, 0.01621180586516857, 0.014456923119723797, 0.014213791117072105, 0.01383128110319376, 0.013498544692993164, 0.013423011638224125, 0.013350466266274452, 0.013343822211027145, 0.013399002142250538, 0.01336872112005949, 0.013177971355617046, 0.013133080676198006, 0.013093557208776474, 0.013099324889481068, 0.01302516832947731, 0.013257268816232681, 0.013183323666453362, 0.012824010103940964, 0.01316873263567686, 0.013369034044444561, 0.012950054369866848, 0.012693122960627079, 0.013408980332314968, 0.01289336383342743, 0.01289148535579443, 0.01259411871433258, 0.012568331323564053, 0.012657023034989834, 0.012761712074279785, 0.012462755665183067, 0.012423639185726643, 0.01263763103634119, 0.012168844230473042, 0.012520969845354557, 0.011927904561161995, 0.011839622631669044, 0.011583113111555576, 0.01134435459971428, 0.011672423221170902, 0.011761735193431377, 0.011171579360961914, 0.011177017353475094, 0.011022189632058144, 0.011077066883444786, 0.010713841766119003, 0.010673736222088337, 0.011023329570889473, 0.010610990226268768, 0.010802765376865864, 0.010545889846980572, 0.010453606955707073, 0.010374310426414013, 0.010432585142552853, 0.0107653783634305, 0.010328967124223709, 0.010527725331485271, 0.010379555635154247, 0.010205080732703209, 0.010119568556547165, 0.010112790390849113, 0.010056625120341778, 0.010254559107124805, 0.010214361362159252, 0.010256960056722164, 0.009958763606846333, 0.009985590353608131, 0.009936829097568989, 0.01007315143942833, 0.010036183521151543, 0.00998885277658701, 0.009998688474297523, 0.00999951921403408, 0.009723871946334839, 0.009987794794142246, 0.009627314284443855, 0.00957869179546833, 0.009590127505362034, 0.009882946498692036, 0.009627355262637138, 0.009827012196183205, 0.009504931978881359, 0.009629941545426846, 0.009537112899124622, 0.009361105039715767, 0.009450950659811497, 0.0093070762231946, 0.009244208224117756, 0.00968122947961092, 0.00932523887604475, 0.00918273814022541, 0.009191812947392464, 0.009137745946645737, 0.009390313178300858, 0.009159857407212257, 0.009033245965838432, 0.009124144911766052], "reconstruction_loss": [], "kl_loss": []}