{"loss": [5199577.0, 1177.9801025390625, 365.8795471191406, 210.2851104736328, 141.03443908691406], "val_loss": [2800.338623046875, 510.48870849609375, 259.503173828125, 161.9932098388672, 110.29006958007812], "reconstruction_loss": [], "kl_loss": []}