{"loss": [0.11272858828306198, 0.11206880211830139, 0.11104953289031982, 0.1098426803946495, 0.10828225314617157, 0.1056366115808487, 0.0961545780301094, 0.06042695790529251, 0.03514663875102997, 0.027711842209100723, 0.020933950319886208, 0.019539259374141693, 0.014409488998353481, 0.013615595176815987, 0.01186097040772438, 0.01092932466417551, 0.010755961760878563, 0.010334598831832409, 0.009865562431514263, 0.009619108401238918, 0.009552487172186375, 0.009324473328888416, 0.009168805554509163, 0.009104968048632145, 0.008896701969206333, 0.008868247270584106, 0.00891526136547327, 0.008737470954656601, 0.008653610944747925, 0.008660797029733658, 0.008600350469350815, 0.008565038442611694, 0.008523708209395409, 0.00849591288715601, 0.008444944396615028, 0.008413618430495262, 0.008427569642663002, 0.008369692601263523, 0.008335663937032223, 0.008322830311954021, 0.008304211311042309, 0.00828596856445074, 0.00826149620115757, 0.008247620426118374, 0.00821402296423912, 0.008211536332964897, 0.008198949508368969, 0.008179683238267899, 0.008159861899912357, 0.00815227534621954, 0.008135260082781315, 0.008124549873173237, 0.008112253621220589, 0.008097640238702297, 0.008085551671683788, 0.008076975122094154, 0.008061492815613747, 0.008053836412727833, 0.008042687550187111, 0.008031132631003857, 0.008020127192139626, 0.008011242374777794, 0.008000311441719532, 0.007991611026227474, 0.007980521768331528, 0.007969971746206284], "val_loss": [0.11135926097631454, 0.11031320691108704, 0.1090727150440216, 0.10748009383678436, 0.10484639555215836, 0.09565535932779312, 0.061764299869537354, 0.04429103061556816, 0.03659782558679581, 0.024867607280611992, 0.022850535809993744, 0.019243432208895683, 0.02084445394575596, 0.019835930317640305, 0.0180930458009243, 0.01699282042682171, 0.016484728083014488, 0.016703788191080093, 0.016874056309461594, 0.01666618511080742, 0.016184072941541672, 0.015888117253780365, 0.015787536278367043, 0.015521455556154251, 0.015393693931400776, 0.015449365600943565, 0.015459468588232994, 0.01561109907925129, 0.01573316566646099, 0.01568054035305977, 0.015676742419600487, 0.01575719378888607, 0.015809405595064163, 0.015624654479324818, 0.015324827283620834, 0.015203959308564663, 0.0152841005474329, 0.015512051060795784, 0.015633398666977882, 0.015583894215524197, 0.015517717227339745, 0.0155054135248065, 0.015491528436541557, 0.015381169505417347, 0.015312797389924526, 0.015339790843427181, 0.015386047773063183, 0.01535407267510891, 0.01532641053199768, 0.01540686096996069, 0.015525623224675655, 0.015513910911977291, 0.015406506136059761, 0.015355228446424007, 0.015372506342828274, 0.015362067148089409, 0.015355517156422138, 0.015395336784422398, 0.01541384868323803, 0.015356219373643398, 0.015326809138059616, 0.015376029536128044, 0.015388790518045425, 0.015335899777710438, 0.015342154540121555, 0.015371407382190228], "reconstruction_loss": [], "kl_loss": []}