{"loss": [5199577.0, 1177.9801025390625, 365.8795471191406, 210.2851104736328, 141.03443908691406, 101.01947021484375, 77.70904541015625, 62.110626220703125, 49.26689910888672, 40.558738708496094, 33.941017150878906, 29.29948616027832, 23.99005126953125, 20.371810913085938, 17.804187774658203, 15.5347261428833, 13.469212532043457, 11.978010177612305, 10.833529472351074, 9.690446853637695, 8.528614044189453, 8.657465934753418, 7.195032596588135, 5.953381061553955, 5.743484020233154], "val_loss": [2800.338623046875, 510.48870849609375, 259.503173828125, 161.9932098388672, 110.29006958007812, 82.39667510986328, 63.14381790161133, 49.065452575683594, 40.27663803100586, 33.53939437866211, 27.42666244506836, 22.915721893310547, 19.8377628326416, 17.625795364379883, 15.414706230163574, 13.210280418395996, 10.991703987121582, 9.823651313781738, 8.880630493164062, 9.128443717956543, 9.451160430908203, 6.209538459777832, 5.6531662940979, 4.982234954833984, 4.564549922943115], "reconstruction_loss": [], "kl_loss": []}