{"loss": [0.26345208287239075, 0.24179811775684357, 0.19073574244976044, 0.10281293094158173, 0.04631262272596359, 0.05128876492381096, 0.021050935611128807, 0.021636221557855606, 0.023142285645008087, 0.017861902713775635, 0.017094269394874573, 0.01659967377781868, 0.013741978444159031, 0.014132879674434662, 0.01357313059270382, 0.013029486872255802, 0.013084202073514462, 0.012620770372450352, 0.012531033717095852, 0.0124753313139081, 0.012300040572881699, 0.012289922684431076, 0.012177498079836369, 0.012140313163399696, 0.012102019041776657, 0.012058005668222904, 0.012038028798997402, 0.011997099965810776, 0.01198124885559082, 0.01195596158504486, 0.011936242692172527, 0.01191885955631733, 0.011903232894837856, 0.011885407380759716, 0.011872967705130577, 0.011859708465635777, 0.01184516679495573, 0.011833025142550468, 0.011820723302662373, 0.011809236370027065, 0.011799203231930733, 0.011789417825639248, 0.011775532737374306, 0.011764636263251305, 0.011755470186471939, 0.011745989322662354, 0.011734357103705406, 0.011725826188921928, 0.011717179790139198, 0.01170819066464901, 0.011696585454046726, 0.01168879121541977, 0.01168103702366352, 0.011672025546431541, 0.011662997305393219, 0.011656987480819225, 0.011645101010799408, 0.011638151481747627, 0.011631331406533718, 0.011622128076851368, 0.011612964794039726, 0.011606520973145962, 0.011596882715821266, 0.011590836569666862, 0.011581683531403542, 0.011572599411010742, 0.011566022410988808, 0.01155724748969078, 0.011550790630280972, 0.011540928855538368, 0.011534523218870163, 0.011525699868798256, 0.011519502848386765, 0.011513807810842991, 0.011500242166221142, 0.011493249796330929, 0.011484635062515736, 0.011476865969598293, 0.011467267759144306, 0.01145560760051012, 0.011446595191955566, 0.011417802423238754, 0.011388571001589298, 0.011364467442035675, 0.011332424357533455, 0.01130324974656105, 0.01126871258020401, 0.01123605016618967, 0.011196310631930828, 0.011155485175549984, 0.01111913938075304, 0.011081533506512642, 0.01104458887130022, 0.011010046117007732, 0.010977761819958687, 0.010951010510325432, 0.010921135544776917, 0.010896782390773296, 0.010870259255170822, 0.010850141756236553], "val_loss": [0.24588406085968018, 0.20751795172691345, 0.1291947215795517, 0.04610811918973923, 0.05894187465310097, 0.026259100064635277, 0.01945180632174015, 0.024120504036545753, 0.019240811467170715, 0.01666902005672455, 0.017625408247113228, 0.014266096986830235, 0.014067091047763824, 0.01402828749269247, 0.013251644559204578, 0.01343487948179245, 0.013057000935077667, 0.012779757380485535, 0.01280343160033226, 0.012588072568178177, 0.012585016898810863, 0.012483007274568081, 0.012402261607348919, 0.012392806820571423, 0.012340438552200794, 0.012334957718849182, 0.012284516356885433, 0.012261918745934963, 0.012233366258442402, 0.012212694622576237, 0.012195087037980556, 0.012173626571893692, 0.012164589017629623, 0.012165901251137257, 0.012159440666437149, 0.012137272395193577, 0.012110798619687557, 0.012090787291526794, 0.012084398418664932, 0.01208755187690258, 0.012080809101462364, 0.012053360231220722, 0.012044002301990986, 0.01204311940819025, 0.01203120592981577, 0.012019449844956398, 0.012007351033389568, 0.011999551206827164, 0.011990049853920937, 0.011975540779531002, 0.011974195018410683, 0.011977183632552624, 0.01196490041911602, 0.01194879412651062, 0.011941971257328987, 0.011926477774977684, 0.01193093229085207, 0.011919615790247917, 0.011904311366379261, 0.01190914586186409, 0.011901685036718845, 0.011888829059898853, 0.011872885748744011, 0.011862998828291893, 0.011854630894958973, 0.011854677461087704, 0.011847447603940964, 0.011844377964735031, 0.011830584146082401, 0.01182827353477478, 0.011822854168713093, 0.011805801652371883, 0.011797933839261532, 0.011791862547397614, 0.011784746311604977, 0.011777818202972412, 0.011770309880375862, 0.011759214103221893, 0.011752588674426079, 0.011740854009985924, 0.011721908114850521, 0.011693786829710007, 0.011670860461890697, 0.011645713821053505, 0.011636064387857914, 0.011603550985455513, 0.011563660576939583, 0.01153466198593378, 0.011493375524878502, 0.011468851007521152, 0.011454512365162373, 0.011406462639570236, 0.011385674588382244, 0.011378453113138676, 0.011342555284500122, 0.011312886141240597, 0.011283410713076591, 0.011273445561528206, 0.011261949315667152, 0.011240027844905853]}