{"loss": [0.008775810711085796, 0.004183225799351931, 0.003703516675159335, 0.0034248551819473505, 0.0032057862263172865, 0.0031037344597280025, 0.003154464066028595, 0.002956463024020195, 0.002963659353554249, 0.0028524172957986593, 0.0029078731313347816, 0.0027607111260294914, 0.002648026216775179, 0.002648714929819107, 0.0024896450340747833, 0.0024542526807636023, 0.002358988393098116, 0.002367952838540077, 0.0022977632470428944, 0.002246098592877388, 0.0021928593050688505, 0.0021684961393475533, 0.0021154817659407854, 0.002302073407918215, 0.0021431331988424063, 0.0020670173689723015, 0.0020339093171060085, 0.001961779547855258, 0.001943700946867466, 0.001953322906047106, 0.0019739314448088408, 0.001883834251202643, 0.0018322914838790894, 0.0020130558405071497, 0.0018595573492348194, 0.0017735891742631793, 0.0017466509016230702, 0.0018281688680872321, 0.0018270702566951513, 0.001787122106179595, 0.0017556140664964914, 0.0017497711814939976, 0.0016960124485194683, 0.0016256215749308467, 0.0015863827429711819, 0.0016059232875704765, 0.0016705382149666548, 0.001641336246393621, 0.0015706964768469334, 0.0015215431340038776, 0.0015291549498215318, 0.0015113281551748514, 0.00153232435695827, 0.0015335583593696356, 0.0015118278097361326, 0.0014992163050919771, 0.0014773362781852484, 0.0015166600933298469, 0.0014952741330489516, 0.0014704189961776137], "val_loss": [0.004923461936414242, 0.003798973048105836, 0.003468069713562727, 0.003439913270995021, 0.003669654717668891, 0.0032908176071941853, 0.003372799837961793, 0.0033003578428179026, 0.003288201056420803, 0.0032870452851057053, 0.003726972732692957, 0.003371679689735174, 0.0033350172452628613, 0.003270339220762253, 0.004734320100396872, 0.0033090426586568356, 0.0033094040118157864, 0.0032662730664014816, 0.0032531290780752897, 0.0037061437033116817, 0.003417654661461711, 0.0032253083772957325, 0.0035032930318266153, 0.0035248047206550837, 0.003281768411397934, 0.003433474339544773, 0.003220528597012162, 0.003243205137550831, 0.003417565952986479, 0.003981471061706543, 0.003680313704535365, 0.0034866344649344683, 0.0033257955219596624, 0.0036909799091517925, 0.0033069064375013113, 0.0038809769321233034, 0.0035341759212315083, 0.003444616449996829, 0.0033396449871361256, 0.003269465174525976, 0.0034471640828996897, 0.0036832820624113083, 0.0036071068607270718, 0.003455405356362462, 0.0033577722497284412, 0.0035169885959476233, 0.0036145313642919064, 0.0039632185362279415, 0.0034121626522392035, 0.0033149654045701027, 0.0035435957834124565, 0.003485239576548338, 0.003392593702301383, 0.0034129617270082235, 0.0033541908487677574, 0.003867700230330229, 0.0036723825614899397, 0.003388771088793874, 0.0033726629335433245, 0.0035439215134829283], "reconstruction_loss": [], "kl_loss": []}