{"loss": [0.8666296005249023, 0.5384981632232666, 0.47422853112220764, 0.156480610370636, 0.15460827946662903, 0.07077015191316605, 0.03658365458250046, 0.022959496825933456, 0.01713201217353344, 0.01570025458931923, 0.013337632641196251, 0.011057090014219284, 0.00877477414906025, 0.007246800698339939, 0.006590849719941616, 0.005638458766043186, 0.005109000951051712, 0.0046599432826042175, 0.004201960749924183, 0.003862920915707946, 0.0035628832411020994, 0.003354007611051202, 0.0031351863872259855, 0.002999768825247884, 0.002834049053490162, 0.0027724180836230516, 0.0026079362723976374, 0.0025161835364997387, 0.0024413771461695433, 0.002358990488573909, 0.002312248572707176, 0.0022399798035621643, 0.0021792217157781124, 0.0021008437033742666, 0.002073670970275998, 0.0019901422783732414, 0.0019394312985241413, 0.001879954244941473, 0.0018185927765443921, 0.0018197339959442616, 0.001772200921550393, 0.0017390816938132048, 0.0016621900722384453, 0.001654155319556594, 0.0015808987664058805, 0.0015436892863363028, 0.0014861008385196328, 0.001438751583918929, 0.0013720241840928793, 0.0013468601973727345, 0.0012703994289040565, 0.0012348422314971685, 0.0011386885307729244, 0.0011196569539606571, 0.0010842500487342477, 0.0010296354303136468, 0.0009894106769934297, 0.0009720601374283433, 0.0009314031922258437, 0.0009127947269007564, 0.0008673506090417504, 0.0008320973138324916, 0.0008232714026235044, 0.0007905417587608099, 0.0007871164125390351, 0.0007824604399502277, 0.0007424892974086106, 0.0007367508369497955, 0.0007094595348462462, 0.0006843310547992587, 0.0006599902990274131, 0.0006515777786262333, 0.000639226520434022, 0.000630039896350354, 0.0006168081308715045, 0.0006104334024712443, 0.0006007255287840962, 0.0005754638114012778, 0.0005735354498028755, 0.0005605694022960961, 0.000546581344678998, 0.0005417777574621141, 0.0005329691339284182, 0.0005352882435545325, 0.0005526277236640453, 0.0005428371368907392, 0.0005439033266156912, 0.0005253247218206525, 0.0005689935642294586, 0.0005949740880168974, 0.0005506195011548698, 0.0005525163724087179, 0.0005297921597957611, 0.0005448057199828327, 0.0005472847260534763, 0.0005376917542889714, 0.0005443821428343654, 0.0005498818936757743, 0.0005658793961629272, 0.0005177269922569394], "val_loss": [0.2892358601093292, 0.7415700554847717, 0.11485879123210907, 0.1589357852935791, 0.07988081872463226, 0.03849739208817482, 0.022344645112752914, 0.01488080807030201, 0.013630323112010956, 0.012415176257491112, 0.010234071873128414, 0.009098483249545097, 0.007867102511227131, 0.007958040572702885, 0.0075216833502054214, 0.006309244316071272, 0.006226982455700636, 0.006164473947137594, 0.0057484847493469715, 0.005702965427190065, 0.0054397922940552235, 0.00537654384970665, 0.005194935481995344, 0.005063183140009642, 0.004925875458866358, 0.004960975609719753, 0.004881219007074833, 0.004755660891532898, 0.004672481678426266, 0.0046373228542506695, 0.004645221866667271, 0.0044691539369523525, 0.004462699871510267, 0.004614292178303003, 0.004562749527394772, 0.004479880910366774, 0.004401284269988537, 0.004300704225897789, 0.004458732437342405, 0.0043388064950704575, 0.004327735397964716, 0.0042524090968072414, 0.004241188056766987, 0.00435625808313489, 0.004067922011017799, 0.00442274147644639, 0.0040336549282073975, 0.00416923500597477, 0.003743632696568966, 0.003945829346776009, 0.0038561145775020123, 0.003790332470089197, 0.003943938761949539, 0.0036367475986480713, 0.0036988130304962397, 0.0036503206938505173, 0.003845424624159932, 0.003561929799616337, 0.00359510350972414, 0.0035184375010430813, 0.0035268000792711973, 0.003449353389441967, 0.0034754849039018154, 0.003432069206610322, 0.003413146361708641, 0.0033106247428804636, 0.0034038142766803503, 0.003267524763941765, 0.0033463959116488695, 0.0032961529213935137, 0.003341162111610174, 0.003254540730267763, 0.0032673149835318327, 0.0032125890720635653, 0.0033254942391067743, 0.003178712446242571, 0.0033173891715705395, 0.003175598569214344, 0.0032496184576302767, 0.0031791417859494686, 0.0032580990809947252, 0.0031987042166292667, 0.003228139830753207, 0.003248651046305895, 0.0031216184142977, 0.00325557473115623, 0.0031262938864529133, 0.003368282224982977, 0.003097452223300934, 0.0033988181967288256, 0.0030480423010885715, 0.0032810112461447716, 0.0030718641355633736, 0.0031061461195349693, 0.003254879033192992, 0.0030158532317727804, 0.0034741456620395184, 0.003037264570593834, 0.0033822746481746435, 0.003006271319463849], "reconstruction_loss": [], "kl_loss": []}