{"loss": [4135.24365234375, 3659.5751953125, 3617.000732421875, 3610.336669921875, 3628.279541015625, 3604.948486328125, 3606.436279296875, 3613.0029296875, 3612.915283203125, 3636.38916015625, 3582.758544921875, 3616.697509765625, 3638.46240234375, 3633.24853515625, 3631.017822265625, 3613.83203125, 3639.4814453125, 3607.38818359375, 3595.5234375, 3601.61181640625, 3621.71337890625, 3611.995849609375, 3636.226318359375, 3594.518310546875, 3615.8896484375, 3600.590576171875, 3628.3740234375, 3569.185791015625, 3586.464599609375, 3617.723388671875, 3608.05419921875, 3612.847900390625, 3627.0908203125, 3612.356689453125, 3605.7119140625, 3586.18896484375, 3603.16845703125, 3601.30126953125, 3610.42431640625, 3612.224365234375, 3613.501953125, 3618.26416015625, 3583.406982421875, 3607.8251953125, 3620.22998046875, 3585.22021484375, 3602.3193359375, 3618.18701171875, 3613.993896484375, 3608.042724609375, 3602.12939453125, 3601.47119140625, 3595.92626953125, 3608.89306640625, 3618.472412109375, 3636.76611328125, 3640.704833984375, 3621.91845703125, 3590.7177734375, 3579.32666015625, 3603.336669921875, 3623.60400390625, 3626.151611328125, 3579.903076171875, 3597.6708984375, 3609.4541015625, 3612.878173828125, 3601.273681640625, 3598.072998046875, 3619.8662109375, 3587.599609375, 3615.54248046875, 3612.318359375, 3616.22119140625, 3599.31640625, 3584.1396484375, 3597.384521484375, 3608.60546875, 3564.0458984375, 3627.739990234375, 3607.13037109375, 3620.96435546875, 3591.068603515625, 3629.28662109375, 3573.377197265625, 3615.864013671875, 3621.73095703125, 3600.00732421875, 3612.0341796875, 3580.642333984375, 3610.972412109375, 3602.21484375, 3608.24609375, 3579.494384765625, 3594.297119140625, 3590.248046875, 3572.671630859375, 3603.66162109375, 3594.93408203125, 3594.0458984375], "val_loss": [3181.753173828125, 3128.535400390625, 3158.44580078125, 3142.67041015625, 3116.212646484375, 3088.6669921875, 3107.994384765625, 3082.18505859375, 3056.920654296875, 3122.652099609375, 3116.765380859375, 3176.68115234375, 3109.018310546875, 3143.033203125, 3140.190673828125, 3153.389892578125, 3081.4765625, 3115.938720703125, 3081.636962890625, 3084.1220703125, 3129.49267578125, 3125.59521484375, 3099.65966796875, 3141.1689453125, 3111.010498046875, 3120.021484375, 3074.5419921875, 3048.860595703125, 3121.208251953125, 3109.984619140625, 3101.930908203125, 3104.130615234375, 3102.62744140625, 3112.5732421875, 3051.893310546875, 3063.507568359375, 3125.435302734375, 3105.200439453125, 3057.145751953125, 3039.79443359375, 3136.74853515625, 3117.28466796875, 3129.813720703125, 3112.4091796875, 3098.148681640625, 3129.986083984375, 3106.875, 3101.10986328125, 3089.423095703125, 3114.729248046875, 3126.073974609375, 3099.3984375, 3087.2890625, 3096.28466796875, 3084.69580078125, 3095.108642578125, 3099.447021484375, 3153.350341796875, 3110.185546875, 3100.945068359375, 3151.15478515625, 3148.1552734375, 3062.67919921875, 3112.4931640625, 3099.1796875, 3100.72314453125, 3067.942626953125, 3084.135986328125, 3122.14013671875, 3108.45703125, 3089.41845703125, 3167.723388671875, 3051.9375, 3071.239501953125, 3063.110595703125, 3101.91455078125, 3116.08203125, 3151.429931640625, 3110.578857421875, 3053.03662109375, 3175.75146484375, 3119.6328125, 3058.823974609375, 3126.9970703125, 3061.408203125, 3018.686767578125, 3029.216552734375, 3094.24853515625, 3084.25830078125, 3115.7626953125, 3050.5087890625, 3091.952880859375, 3050.9384765625, 3146.33203125, 3111.861083984375, 3091.176513671875, 3125.291259765625, 3132.5751953125, 3115.451416015625, 3077.285888671875], "reconstruction_loss": [], "kl_loss": []}