{"loss": [4182.6904296875, 3705.391845703125, 3624.6728515625, 3647.833740234375, 3622.62939453125, 3617.148681640625, 3592.867919921875, 3611.748046875, 3604.5361328125, 3591.9228515625, 3597.63818359375, 3617.293701171875, 3560.028564453125, 3619.000732421875, 3590.9677734375, 3592.459228515625, 3584.176513671875, 3618.84912109375, 3586.47998046875, 3616.15283203125, 3601.1787109375, 3631.75830078125, 3610.616455078125, 3617.4580078125, 3604.835693359375, 3610.87255859375, 3610.260986328125, 3614.55517578125, 3634.287109375, 3606.027587890625, 3617.974609375, 3598.882568359375, 3595.249755859375, 3602.10400390625, 3596.07568359375, 3629.977783203125, 3595.00537109375, 3625.21435546875, 3580.251953125, 3609.937744140625, 3614.368896484375, 3579.09814453125, 3607.6689453125, 3606.1552734375, 3620.06298828125, 3601.746826171875, 3608.360107421875, 3642.95068359375, 3585.36572265625, 3604.48095703125, 3613.990234375, 3591.664794921875, 3639.051513671875, 3608.590087890625, 3619.41015625, 3597.562255859375, 3618.852783203125, 3584.045166015625, 3600.539794921875, 3601.873779296875, 3601.904052734375, 3553.626220703125, 3612.756591796875, 3603.296875, 3595.923828125, 3626.79833984375, 3613.818603515625, 3560.53662109375, 3624.63916015625, 3628.4453125, 3592.034423828125, 3606.32666015625, 3604.93359375, 3623.15673828125, 3592.618896484375, 3611.53173828125, 3611.6953125, 3631.6591796875, 3592.51513671875, 3645.84423828125, 3598.3740234375, 3568.79248046875, 3615.727294921875, 3616.35986328125, 3626.42333984375, 3584.81103515625, 3601.583251953125, 3601.198486328125, 3585.85693359375, 3598.51708984375, 3597.4892578125, 3610.7978515625, 3626.62158203125, 3603.676025390625, 3613.203857421875, 3624.222900390625, 3605.317626953125, 3619.763671875, 3591.6494140625, 3585.2978515625], "val_loss": [3295.330078125, 3163.901611328125, 3137.421630859375, 3105.31494140625, 3130.64013671875, 3061.91259765625, 3176.607421875, 3108.058349609375, 3152.25390625, 3074.37841796875, 3102.751953125, 3076.358154296875, 3072.83837890625, 3086.2783203125, 3121.7587890625, 3102.99853515625, 3098.170166015625, 3145.027099609375, 3151.647216796875, 3150.7568359375, 3102.206787109375, 3111.86767578125, 3165.0849609375, 3077.19384765625, 3137.457275390625, 3087.767578125, 3112.0712890625, 3104.776123046875, 3065.379150390625, 3138.7177734375, 3079.650146484375, 3059.9248046875, 3054.6279296875, 3101.35107421875, 3146.267333984375, 3137.85791015625, 3077.7822265625, 3027.244873046875, 3077.813232421875, 3120.8125, 3138.213623046875, 3116.52685546875, 3083.040771484375, 3040.140869140625, 3113.6162109375, 3141.40966796875, 3097.312255859375, 3144.752197265625, 3091.610595703125, 3094.82421875, 3108.501220703125, 3153.075439453125, 3094.902099609375, 3114.642578125, 3171.094482421875, 3162.775146484375, 3070.31884765625, 3049.011474609375, 3172.01611328125, 3090.65380859375, 3120.9443359375, 3096.531494140625, 3097.545166015625, 3109.67431640625, 3074.50390625, 3088.2060546875, 3088.0537109375, 3105.511474609375, 3089.537353515625, 3083.636474609375, 3138.440673828125, 3104.17236328125, 3089.521484375, 3046.6904296875, 3074.522216796875, 3044.838134765625, 3083.357666015625, 3082.286865234375, 3082.70458984375, 3098.8037109375, 3083.56005859375, 3106.5517578125, 3134.3349609375, 3112.334228515625, 3129.358642578125, 3114.74609375, 3121.019287109375, 3086.6279296875, 3035.42431640625, 3093.053955078125, 3061.72021484375, 3121.110595703125, 3070.098388671875, 3087.25439453125, 3121.732421875, 3125.4619140625, 3074.05810546875, 3076.677978515625, 3073.26171875, 3114.3681640625], "reconstruction_loss": [], "kl_loss": []}