{"loss": [0.1319330781698227, 0.03750883787870407, 0.027112724259495735, 0.02260529063642025, 0.020128648728132248, 0.018650071695446968, 0.017482440918684006, 0.016624486073851585, 0.015902535989880562, 0.015388313680887222, 0.014979835599660873, 0.014666043221950531, 0.014455651864409447, 0.014267710968852043, 0.014126196503639221, 0.013947030529379845, 0.01380953099578619, 0.013680962845683098, 0.013539069332182407, 0.013361644931137562, 0.013265080749988556, 0.01314434502273798, 0.013055621646344662, 0.012882542796432972, 0.012763069942593575, 0.012676450423896313, 0.012601155787706375, 0.012489641085267067, 0.012459355406463146, 0.01238917838782072, 0.012330914847552776, 0.012149276211857796, 0.012105746194720268, 0.011977524496614933, 0.011904376558959484, 0.0118410000577569, 0.011764977127313614, 0.011789673939347267, 0.011752976104617119, 0.011619103141129017, 0.011538781225681305, 0.01146798674017191, 0.01140911877155304, 0.011342329904437065, 0.011249102652072906, 0.011234489269554615, 0.01114130113273859, 0.011103778146207333, 0.011102446354925632, 0.011021560989320278], "val_loss": [0.10801233351230621, 0.1048993468284607, 0.10280808061361313, 0.10081438720226288, 0.09949786961078644, 0.0997256189584732, 0.1012098640203476, 0.10323210805654526, 0.10565770417451859, 0.10933514684438705, 0.11403342336416245, 0.11965838819742203, 0.12500989437103271, 0.13092640042304993, 0.13661395013332367, 0.14135275781154633, 0.14674042165279388, 0.15155886113643646, 0.1562570482492447, 0.16089734435081482, 0.16602866351604462, 0.1707734614610672, 0.17364315688610077, 0.17833368480205536, 0.1820269376039505, 0.18450962007045746, 0.1864388883113861, 0.1891048699617386, 0.18922877311706543, 0.19020524621009827, 0.19186745584011078, 0.19157162308692932, 0.19276480376720428, 0.19361597299575806, 0.1942257583141327, 0.19537872076034546, 0.19758664071559906, 0.19816380739212036, 0.19956745207309723, 0.20085544884204865, 0.20163987576961517, 0.20299777388572693, 0.20470796525478363, 0.20584912598133087, 0.20635153353214264, 0.20802423357963562, 0.20899158716201782, 0.20982626080513, 0.2103060930967331, 0.2112829089164734]}