{"loss": [0.896535336971283, 0.6616283059120178, 0.5424904823303223, 0.4901573956012726, 0.4647309482097626, 0.4523210823535919, 0.44300222396850586, 0.4365701675415039, 0.4286387860774994, 0.42594656348228455, 0.4203609824180603, 0.41172662377357483, 0.41469019651412964, 0.40715816617012024, 0.402334988117218, 0.398648202419281, 0.39388468861579895, 0.38534876704216003, 0.37964972853660583, 0.3717808127403259, 0.3663451075553894, 0.36138689517974854, 0.3554767668247223, 0.3494490683078766, 0.3431456685066223, 0.3389199674129486, 0.3332997262477875, 0.3260553181171417, 0.32151880860328674, 0.3169499635696411, 0.3124057352542877, 0.31146323680877686, 0.30304890871047974, 0.2949712574481964, 0.29014888405799866, 0.2836265563964844, 0.2766154706478119, 0.27053526043891907, 0.2655198276042938, 0.2585306465625763, 0.2521871030330658, 0.246461883187294, 0.24274185299873352, 0.23698630928993225, 0.2306736409664154, 0.22425101697444916, 0.2188151776790619, 0.21389570832252502, 0.209309920668602, 0.20413315296173096, 0.2010473608970642, 0.19498467445373535, 0.1906132698059082, 0.18598991632461548, 0.1848832666873932, 0.1800508350133896, 0.17661447823047638, 0.17446723580360413, 0.17042016983032227, 0.16822071373462677, 0.16280387341976166, 0.1588759869337082, 0.15672102570533752, 0.1529064178466797, 0.1489224135875702, 0.14679953455924988, 0.1425967663526535, 0.13879184424877167, 0.13763627409934998, 0.13335493206977844, 0.13034294545650482, 0.1302272230386734, 0.12672023475170135, 0.12498068809509277, 0.12242580205202103, 0.1200026348233223, 0.11732419580221176, 0.11461462080478668, 0.11321937292814255, 0.11042916774749756, 0.10828527808189392, 0.10737016052007675, 0.10501105338335037, 0.10595475137233734, 0.10393763333559036, 0.1036360040307045, 0.101167693734169, 0.09981954097747803, 0.09879935532808304, 0.0985770970582962, 0.09721682220697403, 0.09654954820871353, 0.09588760137557983, 0.09421733021736145, 0.09299149364233017, 0.09153944998979568, 0.09040968120098114, 0.08993246406316757, 0.08789493888616562, 0.08639437705278397], "val_loss": [0.9092015624046326, 0.8874690532684326, 0.8566699028015137, 0.8153285980224609, 0.7761790752410889, 0.7441112995147705, 0.7242214679718018, 0.70737624168396, 0.6941826939582825, 0.6627458333969116, 0.6303625702857971, 0.6128726601600647, 0.609976053237915, 0.6237432956695557, 0.5966545343399048, 0.5700387358665466, 0.5679600238800049, 0.5625884532928467, 0.5527055263519287, 0.546983003616333, 0.5474318861961365, 0.5402164459228516, 0.5277395844459534, 0.5200442671775818, 0.5211299657821655, 0.5262256860733032, 0.524651050567627, 0.519944429397583, 0.5105677843093872, 0.5144835114479065, 0.5176308155059814, 0.5051125884056091, 0.5048174858093262, 0.4965548813343048, 0.4973836839199066, 0.49957600235939026, 0.49211686849594116, 0.4881881773471832, 0.49705588817596436, 0.5020318031311035, 0.501813530921936, 0.5090686678886414, 0.4915468096733093, 0.49779224395751953, 0.48528748750686646, 0.4905621111392975, 0.495553582906723, 0.49879443645477295, 0.4956434965133667, 0.4973680377006531, 0.48773327469825745, 0.49139150977134705, 0.4999810457229614, 0.5165089964866638, 0.5119185447692871, 0.501631498336792, 0.5119948387145996, 0.5110743045806885, 0.5044177770614624, 0.5054255127906799, 0.4980945587158203, 0.49739208817481995, 0.4994864761829376, 0.5005208849906921, 0.5111755132675171, 0.5098110437393188, 0.5093958377838135, 0.521169900894165, 0.5052205920219421, 0.5014418363571167, 0.5018151998519897, 0.4930214583873749, 0.496206670999527, 0.4960263669490814, 0.5058588981628418, 0.4954075515270233, 0.5041196942329407, 0.4989461898803711, 0.5002411007881165, 0.5017189979553223, 0.5175052881240845, 0.5050430297851562, 0.5034575462341309, 0.5098743438720703, 0.4958512783050537, 0.5040973424911499, 0.4898131787776947, 0.4955589175224304, 0.4990624189376831, 0.48524507880210876, 0.4905495345592499, 0.49937891960144043, 0.4907524883747101, 0.496522456407547, 0.48919087648391724, 0.483346551656723, 0.49100562930107117, 0.4773205518722534, 0.4936378598213196, 0.4862992465496063]}