{"loss": [0.012223096564412117, 0.004770662169903517, 0.004041969310492277, 0.0037007720675319433, 0.0035846903920173645, 0.0033649555407464504, 0.003272473579272628, 0.0032145902514457703, 0.0032161609269678593, 0.003272315254434943, 0.00300199119374156, 0.0028848934452980757, 0.0028125711251050234, 0.002728678286075592, 0.0027001556009054184, 0.002628173679113388, 0.0024700569920241833, 0.002437279559671879, 0.002376474440097809, 0.002244610572233796, 0.00215396611019969, 0.0020739026367664337, 0.0021248406264930964, 0.001988129923120141, 0.0019335226388648152, 0.0018392348429188132, 0.0018019587732851505, 0.0018143231282010674, 0.0017001745291054249, 0.0016775415278971195, 0.0016906483797356486, 0.001716399798169732, 0.0015782330883666873, 0.001516656018793583, 0.001506567932665348, 0.0014863255200907588, 0.0014704521745443344, 0.0013989307917654514, 0.001472532283514738, 0.0013658193638548255, 0.0013566563138738275, 0.0013426042860373855, 0.0014055799692869186, 0.0013871926348656416, 0.001303458702750504, 0.0012482134625315666, 0.7316737174987793, 45.4593391418457, 0.07475348562002182, 0.03962292894721031, 0.02715092897415161, 0.0208967924118042, 0.017127297818660736, 0.01471058838069439, 0.012892945669591427, 0.011456104926764965, 0.010469158180058002, 0.00947248749434948, 0.008863093331456184, 0.008462133817374706, 0.007969550788402557, 0.007495040073990822, 0.00739561952650547, 0.006868504919111729, 0.006712001282721758, 0.006570414174348116, 0.0065475329756736755, 0.0065790810622274876, 0.006582207512110472, 0.006682010367512703, 0.006187052000313997, 0.0067917173728346825, 0.0060056098736822605, 0.007061149924993515, 0.006740515120327473, 0.008680899627506733, 0.005622094962745905, 0.0057769883424043655, 0.005677994806319475, 0.006013757549226284, 0.005776446778327227, 0.005627122242003679, 0.005473305471241474, 0.005892223212867975, 0.005425316281616688, 0.005071896594017744, 0.0053176735527813435, 0.004842658527195454, 0.004697058815509081, 0.004581983666867018, 0.0046575493179261684, 0.004508275538682938, 0.004345864988863468, 0.004148914013057947], "val_loss": [0.004461509641259909, 0.004317914135754108, 0.0035038345959037542, 0.0034515848383307457, 0.003356377827003598, 0.0032976241782307625, 0.0032461918890476227, 0.0033507035113871098, 0.0037501496262848377, 0.0033171146642416716, 0.003301328280940652, 0.0031853748951107264, 0.0032779634930193424, 0.0031728886533528566, 0.003159395419061184, 0.003253066446632147, 0.003264821832999587, 0.0030974019318819046, 0.0031850598752498627, 0.003187994472682476, 0.0031234745401889086, 0.0031415531411767006, 0.003144744085147977, 0.0031528312247246504, 0.0031001821625977755, 0.0030965320765972137, 0.0032090959139168262, 0.003238818608224392, 0.0033842409029603004, 0.003170454641804099, 0.003379191504791379, 0.0031567609403282404, 0.0031448814552277327, 0.0030905278399586678, 0.0031618066132068634, 0.0031657288782298565, 0.003088626079261303, 0.003466603811830282, 0.0032119029201567173, 0.0030863499268889427, 0.0031427955254912376, 0.003094704123213887, 0.0035422195214778185, 0.0030791598837822676, 0.003178192535415292, 0.0035026445984840393, 595.643798828125, 0.11703313142061234, 0.048029009252786636, 0.029259145259857178, 0.02123129740357399, 0.017291605472564697, 0.013965706340968609, 0.012545473873615265, 0.0115520553663373, 0.009707599878311157, 0.008785071782767773, 0.00810909178107977, 0.007999404333531857, 0.008097915910184383, 0.006884645204991102, 0.0073537458665668964, 0.00684489868581295, 0.006142695900052786, 0.006144701968878508, 0.00580997159704566, 0.005657995585352182, 0.00595615990459919, 0.005669655278325081, 0.006084142718464136, 0.006323265843093395, 0.005950884893536568, 0.007129976991564035, 0.00578357232734561, 0.007645976729691029, 0.005526663735508919, 0.00600821990519762, 0.005825357045978308, 0.005969324614852667, 0.006217879708856344, 0.0063852290622889996, 0.005863641854375601, 0.0053647407330572605, 0.005469135008752346, 0.00523334089666605, 0.005300222430378199, 0.005869369488209486, 0.004866134375333786, 0.00461652223020792, 0.004999359603971243, 0.0048079038970172405, 0.004485361278057098, 0.004124592524021864, 0.004595537204295397], "reconstruction_loss": [], "kl_loss": []}