{"loss": [126.900634765625, 76.055908203125, 2459.41064453125, 8187.6591796875, 63604.80859375, 6707.83056640625, 19392.6875, 991.1030883789062, 10886.9814453125, 9613.314453125, 33412.3125, 2526.8759765625, 3042.638427734375, 6395.1767578125, 1058.556396484375, 1385.526123046875, 338.8358459472656, 119.76866149902344, 34469.90625, 4306598.0, 5901102.5, 3508251.75, 111658800.0, 3425868.5, 2108713.5, 89217368.0, 358388032.0, 4830078976.0, 767114048.0, 55832682496.0, 375343264.0, 2853884416.0, 158853398528.0, 318539005952.0, 4133765513216.0, 2494073856.0, 59602849792.0, 46687485952.0, 35036688384.0, 747911744.0, 19636428800.0, 13978838016.0, 6502658048.0, 5899128832.0, 4218424320.0, 2143673472.0, 1415976448.0, 854482432.0, 668818752.0, 388993152.0], "val_loss": [107.62506866455078, 26.01754379272461, 19.122774124145508, 143352.75, 13.948927879333496, 2247.478759765625, 2708.20654296875, 10739.8720703125, 4141.49560546875, 8523.04296875, 4012.70166015625, 2838.5986328125, 11920.673828125, 669.225830078125, 719.831787109375, 361.2059020996094, 110.46961212158203, 64.85971069335938, 1070.55224609375, 20810.818359375, 2522558.75, 1603160.375, 564392.1875, 4961965.5, 11930433.0, 85286520.0, 12693696512.0, 169588320.0, 160763789312.0, 900846720.0, 425108128.0, 355658727424.0, 196911267840.0, 10904113512448.0, 87892344.0, 28094181376.0, 34110054400.0, 61268148224.0, 879116544.0, 7535747584.0, 15640188928.0, 2737748992.0, 4810821632.0, 6907527680.0, 3411994112.0, 2016309888.0, 1189748864.0, 924754496.0, 171125216.0, 279593440.0], "reconstruction_loss": [], "kl_loss": []}