{"loss": [0.11005459725856781, 0.1050131693482399, 0.06519647687673569, 0.02606300078332424, 0.020383726805448532, 0.017154715955257416, 0.0156940259039402, 0.01496257446706295, 0.014500916004180908, 0.01424920279532671, 0.014079281128942966, 0.0139417489990592, 0.01384719181805849, 0.013788672164082527, 0.013721310533583164, 0.013683648779988289, 0.013645844534039497, 0.01360542606562376, 0.01360349915921688, 0.013540015555918217, 0.013473527505993843, 0.013440050184726715, 0.013426972553133965, 0.01332376804202795, 0.013255509547889233, 0.013143240474164486, 0.013015969656407833, 0.012836376205086708, 0.012778276577591896, 0.013068797998130322, 0.012887782417237759, 0.012679209932684898, 0.012520914897322655, 0.012424387037754059, 0.012290773913264275, 0.01220546755939722, 0.012115702964365482, 0.012072022072970867, 0.012225349433720112, 0.012015046551823616, 0.011750893667340279, 0.011686239391565323, 0.011613564565777779, 0.011522732675075531, 0.01133054867386818, 0.011225502006709576, 0.01169597264379263, 0.011334641836583614, 0.011128723621368408, 0.010938074439764023], "val_loss": [0.10783783346414566, 0.09547426551580429, 0.027086811140179634, 0.022606419399380684, 0.016119785606861115, 0.014749354682862759, 0.013978264294564724, 0.01333608292043209, 0.013061621226370335, 0.012859468348324299, 0.012671473436057568, 0.012557316571474075, 0.012469667010009289, 0.01243084017187357, 0.012493751011788845, 0.01240138802677393, 0.012354702688753605, 0.012443194165825844, 0.012407750822603703, 0.012361765839159489, 0.012226013466715813, 0.01239779219031334, 0.012198900803923607, 0.012097512371838093, 0.012177483178675175, 0.012003470212221146, 0.011761088855564594, 0.011823104694485664, 0.011851976625621319, 0.011795766651630402, 0.01162258442491293, 0.011639629490673542, 0.011448914185166359, 0.011364772915840149, 0.011268077418208122, 0.011221676133573055, 0.011194380931556225, 0.011301073245704174, 0.011142234317958355, 0.01094346959143877, 0.011154375039041042, 0.011000461876392365, 0.010774447582662106, 0.010678554885089397, 0.010629513300955296, 0.01121070608496666, 0.011024454608559608, 0.01045400183647871, 0.010470489971339703, 0.010324797593057156]}