{"loss": [0.0345548577606678, 0.005835630465298891, 0.005306750535964966, 0.0044937715865671635, 0.004345372784882784, 0.0041497014462947845, 0.0041118282824754715, 0.003947749268263578, 0.0038209203630685806, 0.003758959472179413, 0.003721203189343214, 0.003681657137349248, 0.003634844906628132, 0.003569320309907198, 0.0034554298035800457, 0.003407672280445695, 0.0034241587854921818, 0.003405693219974637, 0.003304900834336877, 0.0033327292185276747], "val_loss": [0.006526893936097622, 0.005542530678212643, 0.0051807803101837635, 0.0045514884404838085, 0.004646902903914452, 0.00438951700925827, 0.004312870092689991, 0.004037925973534584, 0.004023243673145771, 0.003958126530051231, 0.003948282450437546, 0.00392115768045187, 0.0039025163277983665, 0.003811301663517952, 0.003751438343897462, 0.003756898222491145, 0.004070456139743328, 0.003735661506652832, 0.003937847446650267, 0.003697212552651763]}