{"loss": [3.0558362007141113, 1.2835693359375, 0.45817404985427856, 0.3043862283229828, 0.22054578363895416, 0.16328418254852295, 0.12177807837724686, 0.09402044862508774, 0.07062896341085434, 0.05559403821825981, 0.04166288301348686, 0.03507867828011513, 0.02927989512681961, 0.02650187537074089, 0.02420450747013092, 0.02311111055314541, 0.021918535232543945, 0.020825233310461044, 0.019992273300886154, 0.019070230424404144, 0.018367724493145943, 0.017492251470685005, 0.017100317403674126, 0.01672247424721718, 0.016429774463176727, 0.01619935780763626, 0.015928244218230247, 0.015724804252386093, 0.015537429600954056, 0.015368055552244186, 0.01543215662240982, 0.015107444487512112, 0.014890292659401894, 0.014765824191272259, 0.01557451393455267, 0.020831365138292313, 0.03812555968761444, 0.027597619220614433, 0.022730432450771332, 0.017164628952741623, 0.019254980608820915, 0.01969868689775467, 0.016953621059656143, 0.016079174354672432, 0.01569315604865551, 0.01643587462604046, 0.01670151948928833, 0.015117373317480087, 0.014596248976886272, 0.015245307236909866], "val_loss": [0.2465137243270874, 0.22778648138046265, 0.23621374368667603, 0.22562241554260254, 0.22177061438560486, 0.20444324612617493, 0.18557755649089813, 0.17314937710762024, 0.1554124355316162, 0.1512463092803955, 0.13573665916919708, 0.1279180645942688, 0.12576138973236084, 0.11843665689229965, 0.11601812392473221, 0.11393995583057404, 0.11441578716039658, 0.11448627710342407, 0.11493014544248581, 0.11677945405244827, 0.11956947296857834, 0.12050261348485947, 0.12343441694974899, 0.12666849792003632, 0.12787885963916779, 0.12898802757263184, 0.1310107707977295, 0.13197053968906403, 0.13329964876174927, 0.1359640210866928, 0.13912338018417358, 0.13935601711273193, 0.14031749963760376, 0.14572390913963318, 0.13948367536067963, 0.16563774645328522, 0.1330706626176834, 0.14467687904834747, 0.1626565158367157, 0.17165929079055786, 0.16936297714710236, 0.1616264134645462, 0.15797574818134308, 0.15574033558368683, 0.15541516244411469, 0.15920601785182953, 0.1658439338207245, 0.1754383146762848, 0.1791405826807022, 0.17636309564113617]}