{"loss": [1.6176261901855469, 0.2083277553319931, 0.058910004794597626, 0.05004478245973587, 0.024405866861343384, 0.01880941540002823, 0.018137987703084946, 0.01506277546286583, 0.012046633288264275, 0.0115042170509696, 0.010895337909460068, 0.010613015852868557, 0.010344533249735832, 0.009973941370844841, 0.009605045430362225, 0.009415177628397942, 0.009104471653699875, 0.008963823318481445, 0.008806750178337097, 0.008657407015562057, 0.008453328162431717, 0.008318455889821053, 0.008119888603687286, 0.00806586816906929, 0.007918003015220165, 0.007771704345941544, 0.007653467357158661, 0.007509143557399511, 0.007384203374385834, 0.007329258602112532], "val_loss": [0.4506634473800659, 0.05298984795808792, 0.05078565329313278, 0.024571971967816353, 0.017888406291604042, 0.014408066868782043, 0.015221123583614826, 0.01114090159535408, 0.011124689131975174, 0.01065930537879467, 0.01003059558570385, 0.009446111507713795, 0.00917331874370575, 0.008837755769491196, 0.009106546640396118, 0.00869649089872837, 0.00841139443218708, 0.00823224987834692, 0.008248109370470047, 0.00799727812409401, 0.007882654666900635, 0.007718016393482685, 0.007430235389620066, 0.007589348126202822, 0.007229771465063095, 0.007093062624335289, 0.007304114289581776, 0.0070841130800545216, 0.0070197065360844135, 0.006911389995366335], "reconstruction_loss": [], "kl_loss": []}