{"loss": [0.11271730810403824, 0.11168798059225082, 0.10948412120342255, 0.09632182121276855, 0.0549352802336216, 0.03869342803955078, 0.02135416679084301, 0.014857756905257702, 0.012483223341405392, 0.01172715425491333, 0.010745557025074959, 0.010280972346663475, 0.009974298998713493, 0.009478241205215454, 0.009568607434630394, 0.009285390377044678, 0.009033682756125927, 0.009041514247655869, 0.008907947689294815, 0.00882837176322937, 0.008718571625649929, 0.008756760507822037, 0.008601534180343151, 0.008599004708230495, 0.00855837669223547, 0.008518467657268047, 0.00845749955624342, 0.008440022356808186, 0.008428714238107204, 0.008357620798051357, 0.008359542116522789, 0.008326278999447823, 0.008314789272844791, 0.008270482532680035, 0.008280495181679726, 0.008238094858825207, 0.008232883177697659, 0.008210118860006332, 0.008205655962228775, 0.0081723527982831, 0.008175431750714779, 0.008152039721608162, 0.008142166770994663, 0.008126427419483662, 0.008119598962366581, 0.008102892898023129, 0.008095760829746723, 0.008086642250418663, 0.008071505464613438, 0.008069531992077827, 0.008055191487073898, 0.00804976373910904, 0.00804081279784441, 0.008031722158193588, 0.008025622926652431, 0.00801616907119751, 0.008010088466107845, 0.008003025315701962, 0.007994858548045158, 0.007989328354597092], "val_loss": [0.11097146570682526, 0.1087656170129776, 0.09600838273763657, 0.0576273538172245, 0.04331810772418976, 0.026995094493031502, 0.019460685551166534, 0.017851345241069794, 0.018582260236144066, 0.018448079004883766, 0.017228687182068825, 0.016123484820127487, 0.015953246504068375, 0.016618572175502777, 0.016286520287394524, 0.015607167035341263, 0.015591069124639034, 0.015935609117150307, 0.016121286898851395, 0.01578698121011257, 0.015621812082827091, 0.015621095895767212, 0.015852781012654305, 0.015711719170212746, 0.015457803383469582, 0.015530317090451717, 0.01584715209901333, 0.015867339447140694, 0.015470748767256737, 0.015269302763044834, 0.015380173921585083, 0.015517355874180794, 0.015395245514810085, 0.015383007004857063, 0.01553893368691206, 0.015660401433706284, 0.015485778450965881, 0.01536926906555891, 0.015477788634598255, 0.01557827927172184, 0.01541808433830738, 0.01532161608338356, 0.015441528521478176, 0.015516822226345539, 0.01542371604591608, 0.015449563972651958, 0.015556437894701958, 0.015465838834643364, 0.015329239889979362, 0.015391568653285503, 0.015472952276468277, 0.015395057387650013, 0.015401661396026611, 0.01549012865871191, 0.015420000068843365, 0.015371682122349739, 0.015461605973541737, 0.01542710978537798, 0.015355359762907028, 0.015431452542543411], "reconstruction_loss": [], "kl_loss": []}