{"loss": [0.896535336971283, 0.6616283059120178, 0.5424904823303223, 0.4901573956012726, 0.4647309482097626, 0.4523210823535919, 0.44300222396850586, 0.4365701675415039, 0.4286387860774994, 0.42594656348228455, 0.4203609824180603, 0.41172662377357483, 0.41469019651412964, 0.40715816617012024, 0.402334988117218, 0.398648202419281, 0.39388468861579895, 0.38534876704216003, 0.37964972853660583, 0.3717808127403259, 0.3663451075553894, 0.36138689517974854, 0.3554767668247223, 0.3494490683078766, 0.3431456685066223, 0.3389199674129486, 0.3332997262477875, 0.3260553181171417, 0.32151880860328674, 0.3169499635696411, 0.3124057352542877, 0.31146323680877686, 0.30304890871047974, 0.2949712574481964, 0.29014888405799866, 0.2836265563964844, 0.2766154706478119, 0.27053526043891907, 0.2655198276042938, 0.2585306465625763, 0.2521871030330658, 0.246461883187294, 0.24274185299873352, 0.23698630928993225, 0.2306736409664154, 0.22425101697444916, 0.2188151776790619, 0.21389570832252502, 0.209309920668602, 0.20413315296173096], "val_loss": [0.9092015624046326, 0.8874690532684326, 0.8566699028015137, 0.8153285980224609, 0.7761790752410889, 0.7441112995147705, 0.7242214679718018, 0.70737624168396, 0.6941826939582825, 0.6627458333969116, 0.6303625702857971, 0.6128726601600647, 0.609976053237915, 0.6237432956695557, 0.5966545343399048, 0.5700387358665466, 0.5679600238800049, 0.5625884532928467, 0.5527055263519287, 0.546983003616333, 0.5474318861961365, 0.5402164459228516, 0.5277395844459534, 0.5200442671775818, 0.5211299657821655, 0.5262256860733032, 0.524651050567627, 0.519944429397583, 0.5105677843093872, 0.5144835114479065, 0.5176308155059814, 0.5051125884056091, 0.5048174858093262, 0.4965548813343048, 0.4973836839199066, 0.49957600235939026, 0.49211686849594116, 0.4881881773471832, 0.49705588817596436, 0.5020318031311035, 0.501813530921936, 0.5090686678886414, 0.4915468096733093, 0.49779224395751953, 0.48528748750686646, 0.4905621111392975, 0.495553582906723, 0.49879443645477295, 0.4956434965133667, 0.4973680377006531]}