{"loss": [0.11110576242208481, 0.09704237431287766, 0.1091729998588562, 0.07396727800369263, 0.0603964626789093, 0.045310430228710175, 0.03467373177409172, 0.030549868941307068, 0.02563932165503502, 0.023464791476726532, 0.020924095064401627, 0.018950914964079857, 0.01761859841644764, 0.016484513878822327, 0.015422829426825047, 0.01475216168910265, 0.01434217020869255, 0.014053795486688614, 0.013831479474902153, 0.013615447096526623, 0.013473191298544407, 0.013357906602323055, 0.013252678327262402, 0.013183193281292915, 0.013129386119544506, 0.013092032633721828, 0.013064955361187458, 0.013056926429271698, 0.012989554554224014, 0.012921727262437344, 0.012898482382297516, 0.012871271930634975, 0.01285664364695549, 0.01282945740967989, 0.012817822396755219, 0.012798978947103024, 0.012778723612427711, 0.012780318036675453, 0.012754412367939949, 0.012730800546705723, 0.012731288559734821, 0.012708543799817562, 0.012695539742708206, 0.012684553861618042, 0.012726862914860249, 0.012702750973403454, 0.012690282426774502, 0.012646706774830818, 0.012647981755435467, 0.012623162008821964, 0.012616869062185287, 0.012623251415789127, 0.012574552558362484, 0.012629644013941288, 0.012565698474645615, 0.012524054385721684, 0.012529609724879265, 0.012483554892241955, 0.012515752576291561, 0.012430641800165176, 0.012405592948198318, 0.012391472235321999, 0.01238978747278452, 0.012379547581076622, 0.012308103032410145, 0.012275204993784428, 0.012226893566548824, 0.012247585691511631, 0.01216598879545927, 0.01218969002366066, 0.012108741328120232, 0.01211224589496851, 0.012047365307807922, 0.012037047185003757, 0.012008939869701862, 0.012008795514702797, 0.011968706734478474, 0.011904945597052574, 0.011889008805155754, 0.011950421147048473, 0.011860187165439129, 0.011789814569056034, 0.011874137446284294, 0.0117594413459301, 0.011736021377146244, 0.011684970930218697, 0.0116529306396842, 0.011704351752996445, 0.011783898808062077, 0.01171418372541666, 0.011604312807321548, 0.011593415401875973, 0.011566845700144768, 0.011558551341295242, 0.011527077294886112, 0.011544818989932537, 0.011771862395107746, 0.011633234098553658, 0.011539630591869354, 0.011502355337142944], "val_loss": [0.10856213420629501, 0.13758160173892975, 0.07255373895168304, 0.06864695996046066, 0.04608846828341484, 0.03942296281456947, 0.031615693122148514, 0.027332207188010216, 0.02515115775167942, 0.02138039842247963, 0.019958313554525375, 0.01881590485572815, 0.017100507393479347, 0.016116494312882423, 0.015158748254179955, 0.014567042700946331, 0.014322918839752674, 0.014146577566862106, 0.013900753110647202, 0.013716276735067368, 0.013635164126753807, 0.013545245863497257, 0.013545871712267399, 0.013408657163381577, 0.013339213095605373, 0.013424931094050407, 0.013246101327240467, 0.013340638019144535, 0.013177850283682346, 0.01320008933544159, 0.013143172487616539, 0.013192477636039257, 0.013143278658390045, 0.013057280331850052, 0.013126244768500328, 0.01307020802050829, 0.013020660728216171, 0.013140714727342129, 0.012983810156583786, 0.013025715947151184, 0.01298328023403883, 0.012997831217944622, 0.012978148646652699, 0.01296752318739891, 0.013043653219938278, 0.013000345788896084, 0.01290032360702753, 0.013000404462218285, 0.01296447217464447, 0.012872239574790001, 0.012936878949403763, 0.012960626743733883, 0.012883113697171211, 0.012837276794016361, 0.012891784310340881, 0.012805386446416378, 0.012751034460961819, 0.012970909476280212, 0.0127323679625988, 0.012765138410031796, 0.012739697471261024, 0.012727866880595684, 0.01263649296015501, 0.012628491036593914, 0.012744050472974777, 0.012572909705340862, 0.012586847878992558, 0.01247462723404169, 0.01251034066081047, 0.012530031614005566, 0.012509993277490139, 0.012522917240858078, 0.012354068458080292, 0.012340419925749302, 0.012360431253910065, 0.012375748716294765, 0.012322764843702316, 0.012251046486198902, 0.0123295271769166, 0.012281257659196854, 0.012138010002672672, 0.012325506657361984, 0.01213813666254282, 0.012168860994279385, 0.012110446579754353, 0.012055161409080029, 0.012075393460690975, 0.012002737261354923, 0.012357642874121666, 0.012053845450282097, 0.012092793360352516, 0.01204688474535942, 0.012054995633661747, 0.011958904564380646, 0.01201187539845705, 0.01204286515712738, 0.011936688795685768, 0.011917594820261002, 0.011893965303897858, 0.011904953047633171]}