{"loss": [0.03018435649573803, 0.005454064346849918, 0.004865545313805342, 0.004437610972672701, 0.004249914549291134, 0.0042162733152508736, 0.003931313753128052, 0.0038343663327395916, 0.003804973792284727, 0.003662516362965107, 0.0044671930372715, 0.0035992541816085577, 0.003541747573763132, 0.0034966396633535624, 0.003414919599890709, 0.003455469151958823, 0.0034265141002833843, 0.003256182884797454, 0.003230081405490637, 0.003154381178319454], "val_loss": [0.005645785480737686, 0.005171570461243391, 0.005648492369800806, 0.0048508187755942345, 0.004380078986287117, 0.00431713555008173, 0.004156466107815504, 0.004011382814496756, 0.0040356554090976715, 0.0038793226704001427, 0.003993919584900141, 0.0038266063202172518, 0.0038856249302625656, 0.003781629493460059, 0.003955833613872528, 0.0038726720958948135, 0.0036705834791064262, 0.003846230683848262, 0.0036616981960833073, 0.003627267200499773]}