{"loss": [0.8666296005249023, 0.5384981632232666, 0.47422853112220764, 0.156480610370636, 0.15460827946662903, 0.07077015191316605, 0.03658365458250046, 0.022959496825933456, 0.01713201217353344, 0.01570025458931923], "val_loss": [0.2892358601093292, 0.7415700554847717, 0.11485879123210907, 0.1589357852935791, 0.07988081872463226, 0.03849739208817482, 0.022344645112752914, 0.01488080807030201, 0.013630323112010956, 0.012415176257491112], "reconstruction_loss": [], "kl_loss": []}