{"loss": [0.02726110629737377, 0.008051103912293911, 0.006233810447156429, 0.005658183712512255, 0.005425336305052042, 0.005400203634053469, 0.005068596918135881, 0.0048964666202664375, 0.0054171327501535416, 0.004800569731742144], "val_loss": [0.03141748160123825, 0.056998785585165024, 0.016388025134801865, 0.018712133169174194, 0.009341028518974781, 0.0057420069351792336, 0.005872407928109169, 0.011184870265424252, 0.004805450327694416, 0.007356570102274418]}