{"loss": [0.03284379467368126, 0.009060868062078953, 0.006551458965986967, 0.007157857064157724, 0.005909591447561979, 0.005286623258143663, 0.005015320144593716, 0.005131619516760111, 0.005079229362308979, 0.005078746471554041], "val_loss": [0.7628140449523926, 0.45452380180358887, 0.04290921613574028, 0.035924140363931656, 0.028120169416069984, 0.013226077891886234, 0.008057788014411926, 0.005489046685397625, 0.005859259981662035, 0.00474730646237731]}