{"loss": [0.8918803930282593, 0.6350947618484497, 0.5311530232429504, 0.4760254919528961, 0.45794379711151123, 0.4475727379322052, 0.4403918981552124, 0.4355595111846924, 0.43130022287368774, 0.4285304844379425, 0.42386773228645325, 0.4197148382663727, 0.41925856471061707, 0.4121038019657135, 0.40657535195350647, 0.40150144696235657, 0.3969769775867462, 0.3915412425994873, 0.3886836767196655, 0.3884652256965637, 0.386582612991333, 0.3784598708152771, 0.37019115686416626, 0.36403101682662964, 0.3597101867198944, 0.35422542691230774, 0.34947580099105835, 0.3420843482017517, 0.33657535910606384, 0.33286184072494507, 0.3280024826526642, 0.32643505930900574, 0.3191632628440857, 0.31391048431396484, 0.3086407780647278, 0.30157411098480225, 0.2956855297088623, 0.28905969858169556, 0.28390631079673767, 0.2790111303329468, 0.271139919757843, 0.26589635014533997, 0.26357266306877136, 0.26076045632362366, 0.25414422154426575, 0.2493046522140503, 0.24264703691005707, 0.23821189999580383, 0.23227182030677795, 0.22856445610523224, 0.22157549858093262, 0.21765397489070892, 0.21176160871982574, 0.20544636249542236, 0.20077404379844666, 0.19521337747573853, 0.1913701742887497, 0.18722400069236755, 0.18272681534290314, 0.17970742285251617, 0.17652441561222076, 0.17651768028736115, 0.17220237851142883, 0.16963249444961548, 0.1715242862701416, 0.16900517046451569, 0.1648537665605545, 0.15898290276527405, 0.15490677952766418, 0.15138962864875793, 0.14715850353240967, 0.14327383041381836, 0.1413867175579071, 0.13732896745204926, 0.1340266317129135, 0.13227573037147522, 0.12941133975982666, 0.12723805010318756, 0.12466955929994583, 0.12210248410701752, 0.12080496549606323, 0.12093602120876312, 0.12062107026576996, 0.11940333247184753, 0.11931400746107101, 0.1188787966966629, 0.11743602156639099, 0.11692142486572266, 0.1130552887916565, 0.11129142343997955, 0.10877443850040436, 0.1066843569278717, 0.10421771556138992, 0.10306812077760696, 0.10134882479906082, 0.1000058501958847, 0.0983189195394516, 0.09722020477056503, 0.09625161439180374, 0.09519451856613159], "val_loss": [0.910841166973114, 0.89201819896698, 0.8696523308753967, 0.8442553877830505, 0.8232399225234985, 0.8058773279190063, 0.7876890897750854, 0.7793123722076416, 0.7802470922470093, 0.770313024520874, 0.7661885023117065, 0.7646214365959167, 0.7299116849899292, 0.7017076015472412, 0.6926648020744324, 0.659427285194397, 0.6601163744926453, 0.6396113038063049, 0.6172214150428772, 0.5939819812774658, 0.6048446893692017, 0.5820064544677734, 0.5695397853851318, 0.5554865598678589, 0.5449421405792236, 0.5274055004119873, 0.5234916806221008, 0.526664137840271, 0.5216635465621948, 0.5061063170433044, 0.505429744720459, 0.5005055665969849, 0.5003648996353149, 0.49764779210090637, 0.4822618365287781, 0.4908820390701294, 0.49736881256103516, 0.4978252947330475, 0.4924427568912506, 0.4877271056175232, 0.49463775753974915, 0.49647286534309387, 0.491933137178421, 0.4898204803466797, 0.5108175873756409, 0.5074969530105591, 0.5099847316741943, 0.49664559960365295, 0.5066403150558472, 0.49871230125427246, 0.5047793388366699, 0.5025485754013062, 0.5036836862564087, 0.5026981830596924, 0.5039577484130859, 0.4978640377521515, 0.49510663747787476, 0.49775099754333496, 0.48813095688819885, 0.4977850019931793, 0.49126502871513367, 0.4969024062156677, 0.49620088934898376, 0.491058349609375, 0.49745121598243713, 0.4972248077392578, 0.5024062991142273, 0.49741706252098083, 0.49676400423049927, 0.5027354955673218, 0.4947802722454071, 0.4914838671684265, 0.4930868148803711, 0.48958930373191833, 0.4954174757003784, 0.49138596653938293, 0.48438912630081177, 0.48849251866340637, 0.4854331910610199, 0.4902186691761017, 0.480930894613266, 0.48671767115592957, 0.4939277172088623, 0.4978153109550476, 0.49191588163375854, 0.4934188723564148, 0.4892091751098633, 0.49575990438461304, 0.49156200885772705, 0.4881817400455475, 0.49358972907066345, 0.48650336265563965, 0.48834457993507385, 0.4887906312942505, 0.48535504937171936, 0.4901796281337738, 0.4810660779476166, 0.4819439649581909, 0.4860881268978119, 0.4823403060436249]}