{"loss": [580.245361328125, 36.23883056640625, 57199.87109375, 127602.4609375, 47405.328125, 998.127197265625, 4877.18212890625, 7035.9453125, 5037.3701171875, 2242.68310546875, 210.76998901367188, 719.2113037109375, 246.64234924316406, 489.6470642089844, 101.70897674560547, 215.84591674804688, 72.98252868652344, 38.59120178222656, 51.24225616455078, 14.52418041229248, 11.469894409179688, 17.59398078918457, 16.278217315673828, 8.424518585205078, 3.3191354274749756, 4.422441482543945, 3.92964768409729, 2.2553181648254395, 2.5147082805633545, 2.7076539993286133, 2.058652639389038, 1.5762436389923096, 1.4848374128341675, 1.5601977109909058, 1.409002423286438, 1.2141673564910889, 1.1708693504333496, 1.14372980594635, 1.083707332611084, 1.051326870918274, 1.003779411315918, 0.9766480922698975, 0.9429290890693665, 0.9185091257095337, 0.9254566431045532, 0.8943930864334106, 0.869575023651123, 0.8509311676025391, 0.8293645977973938, 0.8076281547546387, 0.798751711845398, 0.777413010597229, 0.7545112371444702, 0.7467684745788574, 0.7296898365020752, 0.7133764624595642, 0.6946629881858826, 0.6780951619148254, 0.6620915532112122, 0.6568860411643982, 0.6335762143135071, 0.6324938535690308, 0.6160932779312134, 0.6007936000823975, 0.5814706087112427, 0.5724756717681885, 0.5653360486030579, 0.5593596696853638, 0.537706732749939, 0.5287797451019287, 0.5163196325302124, 0.5064737796783447, 0.4952296316623688, 0.4871947169303894, 0.47978994250297546, 0.4666985273361206, 0.4632343649864197, 0.45347607135772705, 0.4424471855163574, 0.43120276927948, 0.4262852072715759, 0.41803568601608276, 0.4105122685432434, 0.40177249908447266, 0.39460256695747375, 0.38789448142051697, 0.37901192903518677, 0.3780987858772278, 0.3697040379047394, 0.36281687021255493, 0.35413408279418945, 0.3503134548664093, 0.3446250557899475, 0.34243687987327576, 0.33281803131103516, 0.3256378769874573, 0.32186344265937805, 0.3172944188117981, 0.31168854236602783, 0.30684909224510193], "val_loss": [35.31102752685547, 1418.1478271484375, 20513.65234375, 824.1473388671875, 658.5931396484375, 7951.24267578125, 3732.822021484375, 4236.6376953125, 2475.422607421875, 389.8821105957031, 455.9594421386719, 357.0379638671875, 523.4430541992188, 54.07029724121094, 215.00527954101562, 105.42850494384766, 15.700301170349121, 47.534297943115234, 17.7645263671875, 5.810576915740967, 13.3041410446167, 14.7999906539917, 8.365331649780273, 2.9661149978637695, 4.256523609161377, 6.139122486114502, 3.583883047103882, 1.3530853986740112, 1.062671422958374, 0.9675267338752747, 1.1596812009811401, 1.895776391029358, 2.248300075531006, 2.0503909587860107, 1.4937678575515747, 1.1245524883270264, 0.9539226293563843, 0.9514321088790894, 0.9908696413040161, 1.0663801431655884, 1.0647772550582886, 1.0128463506698608, 0.9336928129196167, 0.8624740839004517, 0.800476610660553, 0.8167458176612854, 0.8431527018547058, 0.8523367047309875, 0.8168917894363403, 0.7502216696739197, 0.6969239115715027, 0.690790057182312, 0.7123063802719116, 0.7472768425941467, 0.7208329439163208, 0.6829060316085815, 0.6564046740531921, 0.6144796013832092, 0.5861772298812866, 0.5600008964538574, 0.5719131231307983, 0.6093557476997375, 0.5946265459060669, 0.5453135967254639, 0.5067940354347229, 0.46682626008987427, 0.4512020945549011, 0.46428635716438293, 0.46574777364730835, 0.4599679708480835, 0.4361325204372406, 0.4242103099822998, 0.404879093170166, 0.39258530735969543, 0.3795704245567322, 0.38479486107826233, 0.4024756848812103, 0.38374215364456177, 0.3677810728549957, 0.3444628119468689, 0.31983593106269836, 0.3126491904258728, 0.31292620301246643, 0.3295803964138031, 0.3270522952079773, 0.31310588121414185, 0.29310694336891174, 0.26903143525123596, 0.2690808176994324, 0.280012309551239, 0.28114426136016846, 0.2717534899711609, 0.2679457366466522, 0.247598797082901, 0.24765129387378693, 0.2435387223958969, 0.23487243056297302, 0.23171399533748627, 0.2279970794916153, 0.2262226939201355], "reconstruction_loss": [], "kl_loss": []}