{"loss": [0.8609210252761841, 0.6723663806915283, 0.5895357728004456, 0.5231024026870728, 0.474580854177475, 0.4627823829650879, 0.46408846974372864, 0.45798709988594055, 0.45435839891433716, 0.4535377323627472, 0.4523274600505829, 0.45152175426483154, 0.45215296745300293, 0.45137614011764526, 0.4517621099948883, 0.45173200964927673, 0.4505886137485504, 0.45022013783454895, 0.44633811712265015, 0.4432561695575714, 0.44297319650650024, 0.4408950209617615, 0.4365729093551636, 0.4339439570903778, 0.4313293695449829, 0.43021753430366516, 0.4225882887840271, 0.4227599799633026, 0.41806265711784363, 0.41468602418899536, 0.41062822937965393, 0.40875697135925293, 0.40881893038749695, 0.40289565920829773, 0.4003264605998993, 0.39882805943489075, 0.39373087882995605, 0.389853298664093, 0.38729244470596313, 0.38621941208839417, 0.38478872179985046, 0.3828399181365967, 0.38157540559768677, 0.3774571418762207, 0.3738555610179901, 0.37103670835494995, 0.36724889278411865, 0.36413756012916565, 0.3618510961532593, 0.36117425560951233, 0.3565274477005005, 0.3558937609195709, 0.3524133563041687, 0.35004350543022156, 0.348368376493454, 0.34279024600982666, 0.3432732820510864, 0.33933448791503906, 0.3352319896221161, 0.33362311124801636, 0.33174294233322144, 0.3288690745830536, 0.3271832764148712, 0.32300105690956116, 0.31911295652389526, 0.3163217008113861, 0.3142903745174408, 0.31800153851509094, 0.31341972947120667, 0.30785807967185974, 0.30746006965637207, 0.305143803358078, 0.3002059757709503, 0.29789501428604126, 0.2949873208999634, 0.2921246886253357, 0.2905755639076233, 0.2906552851200104, 0.2981207072734833, 0.29164525866508484, 0.2868180572986603, 0.2827703058719635, 0.2796163260936737, 0.27840113639831543, 0.2766629159450531, 0.27546226978302, 0.27599087357521057, 0.27828019857406616, 0.27671685814857483, 0.27555230259895325, 0.27547743916511536, 0.26971760392189026, 0.26537150144577026, 0.2636873126029968, 0.2610512971878052, 0.26084068417549133, 0.26019948720932007, 0.25992897152900696, 0.2594447731971741, 0.2556881904602051], "val_loss": [0.7140194177627563, 0.6057001948356628, 0.5490949749946594, 0.4697147607803345, 0.45634329319000244, 0.45764222741127014, 0.4473032057285309, 0.444452702999115, 0.44157809019088745, 0.4407861530780792, 0.43998584151268005, 0.44081926345825195, 0.4412120580673218, 0.4396648705005646, 0.43950337171554565, 0.4418295621871948, 0.43863949179649353, 0.43567219376564026, 0.4331286549568176, 0.4364079535007477, 0.4347800314426422, 0.4283105731010437, 0.43104976415634155, 0.4258725345134735, 0.4213804304599762, 0.4214164614677429, 0.41988638043403625, 0.41570398211479187, 0.41517847776412964, 0.4105502665042877, 0.4118107259273529, 0.4121580719947815, 0.40356317162513733, 0.40233179926872253, 0.4085243344306946, 0.400071382522583, 0.3982521593570709, 0.3979291319847107, 0.3949621617794037, 0.39875897765159607, 0.39861351251602173, 0.3947558104991913, 0.3905473053455353, 0.3882924020290375, 0.38736492395401, 0.388668030500412, 0.3886318802833557, 0.38681161403656006, 0.3902720510959625, 0.38424867391586304, 0.38450491428375244, 0.38515159487724304, 0.381471186876297, 0.3844109773635864, 0.3814358115196228, 0.38175714015960693, 0.3857824504375458, 0.3818041980266571, 0.3799917697906494, 0.385221928358078, 0.38252314925193787, 0.38072457909584045, 0.3824503719806671, 0.38196510076522827, 0.38015615940093994, 0.37909749150276184, 0.37967580556869507, 0.38293400406837463, 0.3794829249382019, 0.38337022066116333, 0.38528162240982056, 0.3809431791305542, 0.3806603252887726, 0.38157808780670166, 0.380891352891922, 0.3811960816383362, 0.38498884439468384, 0.39106470346450806, 0.38221055269241333, 0.3833145797252655, 0.3857729732990265, 0.38446685671806335, 0.3839225769042969, 0.3833096921443939, 0.3847734332084656, 0.38510969281196594, 0.38611170649528503, 0.38502806425094604, 0.38393518328666687, 0.3860393464565277, 0.3848910927772522, 0.3869141936302185, 0.38630568981170654, 0.38448217511177063, 0.386798620223999, 0.38736817240715027, 0.38969722390174866, 0.38705548644065857, 0.3886401951313019, 0.38740524649620056], "reconstruction_loss": [], "kl_loss": []}