{"loss": [0.8666296005249023, 0.5384981632232666, 0.47422853112220764, 0.156480610370636, 0.15460827946662903, 0.07077015191316605, 0.03658365458250046, 0.022959496825933456, 0.01713201217353344, 0.01570025458931923, 0.013337632641196251, 0.011057090014219284, 0.00877477414906025, 0.007246800698339939, 0.006590849719941616, 0.005638458766043186, 0.005109000951051712, 0.0046599432826042175, 0.004201960749924183, 0.003862920915707946], "val_loss": [0.2892358601093292, 0.7415700554847717, 0.11485879123210907, 0.1589357852935791, 0.07988081872463226, 0.03849739208817482, 0.022344645112752914, 0.01488080807030201, 0.013630323112010956, 0.012415176257491112, 0.010234071873128414, 0.009098483249545097, 0.007867102511227131, 0.007958040572702885, 0.0075216833502054214, 0.006309244316071272, 0.006226982455700636, 0.006164473947137594, 0.0057484847493469715, 0.005702965427190065], "reconstruction_loss": [], "kl_loss": []}