{"loss": [0.33228600025177, 0.2721621096134186, 0.23406368494033813, 0.20811724662780762, 0.18643812835216522, 0.16860494017601013, 0.15460346639156342, 0.1426384299993515, 0.13239440321922302, 0.12378590553998947, 0.1165507584810257, 0.11044943332672119, 0.10534056276082993, 0.10084334760904312, 0.09691544622182846, 0.09366996586322784, 0.09117676317691803, 0.0890650823712349, 0.08710049092769623, 0.08536981046199799, 0.08373374491930008, 0.08197725564241409, 0.08063589036464691, 0.07988965511322021, 0.07915981113910675, 0.07824890315532684, 0.07772909104824066, 0.07725261896848679, 0.07655205577611923, 0.07619212567806244, 0.07582725584506989, 0.07533271610736847, 0.07468470185995102, 0.07390124350786209, 0.07322099059820175, 0.07232113927602768, 0.07176462560892105, 0.06998533010482788, 0.06822224706411362, 0.06788527965545654, 0.06752406060695648, 0.06724858283996582, 0.06704048812389374, 0.0668872743844986, 0.06675678491592407, 0.06664877384901047, 0.06656333804130554, 0.06647605448961258, 0.06640487164258957, 0.06634137779474258, 0.06628625839948654, 0.0662299245595932, 0.06618189811706543, 0.06614051759243011, 0.06610071659088135, 0.06606908142566681, 0.0660155862569809, 0.06577867269515991, 0.06551681458950043, 0.06546006351709366, 0.06489462405443192, 0.06373393535614014, 0.06371823698282242, 0.0636681392788887, 0.06360930949449539, 0.06355822086334229, 0.06351026147603989, 0.06345914304256439, 0.06324116885662079, 0.06280042976140976, 0.061888039112091064, 0.060133785009384155, 0.060112450271844864, 0.06003668159246445, 0.05993054062128067, 0.059839002788066864, 0.05976895987987518, 0.059737905859947205, 0.0596996508538723, 0.05967096984386444, 0.05964004248380661, 0.05961010605096817, 0.0595846027135849, 0.059566546231508255, 0.05954977497458458, 0.05953124165534973, 0.059513431042432785, 0.05950118973851204, 0.059492774307727814, 0.059479862451553345, 0.059463389217853546, 0.05945441499352455, 0.05944080278277397, 0.059430088847875595, 0.059410180896520615, 0.059396419674158096, 0.05938747525215149, 0.05937942862510681, 0.059360574930906296, 0.05935973301529884], "val_loss": [0.26983001828193665, 0.2600887417793274, 0.24543125927448273, 0.22593936324119568, 0.2037157118320465, 0.18050330877304077, 0.15786606073379517, 0.13729535043239594, 0.11893410980701447, 0.10236534476280212, 0.08810123801231384, 0.07532031089067459, 0.06489958614110947, 0.056045882403850555, 0.04961981624364853, 0.04446740821003914, 0.04072444885969162, 0.038032788783311844, 0.03625582903623581, 0.03474460914731026, 0.033450186252593994, 0.032441411167383194, 0.03164408355951309, 0.03104015626013279, 0.030667856335639954, 0.030315395444631577, 0.029996797442436218, 0.029833249747753143, 0.02970588579773903, 0.02949191816151142, 0.02934015728533268, 0.029237762093544006, 0.029181715101003647, 0.029168352484703064, 0.029116883873939514, 0.029100151732563972, 0.029058709740638733, 0.029124455526471138, 0.028967786580324173, 0.028821783140301704, 0.02869875729084015, 0.028610650449991226, 0.02855394035577774, 0.0284999031573534, 0.02846367657184601, 0.028441477566957474, 0.02841568924486637, 0.02839672937989235, 0.028374994173645973, 0.02836167812347412, 0.028347892686724663, 0.028331482782959938, 0.028322773054242134, 0.028318826109170914, 0.028308356180787086, 0.028304975479841232, 0.028307270258665085, 0.028291041031479836, 0.02830120362341404, 0.028292778879404068, 0.02832607552409172, 0.028328172862529755, 0.028338022530078888, 0.028336195275187492, 0.02835232950747013, 0.028325287625193596, 0.02833397313952446, 0.02832753211259842, 0.028343435376882553, 0.02837279438972473, 0.028413666412234306, 0.02850515767931938, 0.028520528227090836, 0.028484128415584564, 0.028455015271902084, 0.028433213010430336, 0.02840370126068592, 0.02838209457695484, 0.028351251035928726, 0.028348829597234726, 0.028328152373433113, 0.028333431109786034, 0.028344063088297844, 0.02845468372106552, 0.028575750067830086, 0.028706390410661697, 0.028850095346570015, 0.029157739132642746, 0.029532253742218018, 0.030017606914043427, 0.03072713315486908, 0.031161880120635033, 0.032065387815237045, 0.03283490985631943, 0.03339739143848419, 0.034965693950653076, 0.03556903079152107, 0.03626143932342529, 0.03658477962017059, 0.03616972640156746]}