{"loss": [0.33228600025177, 0.2721621096134186, 0.23406368494033813, 0.20811724662780762, 0.18643812835216522, 0.16860494017601013, 0.15460346639156342, 0.1426384299993515, 0.13239440321922302, 0.12378590553998947, 0.1165507584810257, 0.11044943332672119, 0.10534056276082993, 0.10084334760904312, 0.09691544622182846, 0.09366996586322784, 0.09117676317691803, 0.0890650823712349, 0.08710049092769623, 0.08536981046199799, 0.08373374491930008, 0.08197725564241409, 0.08063589036464691, 0.07988965511322021, 0.07915981113910675, 0.07824890315532684, 0.07772909104824066, 0.07725261896848679, 0.07655205577611923, 0.07619212567806244, 0.07582725584506989, 0.07533271610736847, 0.07468470185995102, 0.07390124350786209, 0.07322099059820175, 0.07232113927602768, 0.07176462560892105, 0.06998533010482788, 0.06822224706411362, 0.06788527965545654, 0.06752406060695648, 0.06724858283996582, 0.06704048812389374, 0.0668872743844986, 0.06675678491592407, 0.06664877384901047, 0.06656333804130554, 0.06647605448961258, 0.06640487164258957, 0.06634137779474258], "val_loss": [0.26983001828193665, 0.2600887417793274, 0.24543125927448273, 0.22593936324119568, 0.2037157118320465, 0.18050330877304077, 0.15786606073379517, 0.13729535043239594, 0.11893410980701447, 0.10236534476280212, 0.08810123801231384, 0.07532031089067459, 0.06489958614110947, 0.056045882403850555, 0.04961981624364853, 0.04446740821003914, 0.04072444885969162, 0.038032788783311844, 0.03625582903623581, 0.03474460914731026, 0.033450186252593994, 0.032441411167383194, 0.03164408355951309, 0.03104015626013279, 0.030667856335639954, 0.030315395444631577, 0.029996797442436218, 0.029833249747753143, 0.02970588579773903, 0.02949191816151142, 0.02934015728533268, 0.029237762093544006, 0.029181715101003647, 0.029168352484703064, 0.029116883873939514, 0.029100151732563972, 0.029058709740638733, 0.029124455526471138, 0.028967786580324173, 0.028821783140301704, 0.02869875729084015, 0.028610650449991226, 0.02855394035577774, 0.0284999031573534, 0.02846367657184601, 0.028441477566957474, 0.02841568924486637, 0.02839672937989235, 0.028374994173645973, 0.02836167812347412]}