{"loss": [0.007588235195726156, 0.004530447535216808, 0.0040112813003361225, 0.003933889791369438, 0.00369791267439723, 0.003573956433683634, 0.0035393349826335907, 0.003419252810999751, 0.003305394435301423, 0.0032392125576734543, 0.003121087560430169, 0.0031583646778017282, 0.0033453060314059258, 0.0031642380636185408, 0.003230665111914277, 0.0030875392258167267, 0.0030176870059221983, 0.0030467782635241747, 0.0030630421824753284, 0.0030711025465279818, 0.0028952297288924456, 0.0027915171813219786, 0.0028453380800783634, 0.0029489719308912754, 0.0028560026548802853, 0.00271964049898088, 0.002873019315302372, 0.002830683020874858, 0.0028245835565030575, 0.0026956310030072927, 0.002639502752572298, 0.0025838136207312346, 0.002749804873019457, 0.00289631518535316, 0.002820359542965889, 0.0026999067049473524, 0.002513210754841566, 0.002538692206144333, 0.002544683637097478, 0.0026395777240395546, 0.002639490645378828, 0.0025351191870868206, 0.002520228736102581, 0.002481288043782115, 0.0024416064843535423, 0.002453926019370556, 0.0024698269553482533, 1094943.625, 334.39288330078125, 202.50672912597656, 146.68734741210938, 114.3486557006836, 92.37386322021484, 77.32401275634766, 66.23505401611328, 57.633827209472656, 50.93975830078125, 45.73830032348633, 40.87912368774414, 36.813690185546875, 33.4394416809082, 30.31842613220215, 27.348388671875, 24.97327423095703, 22.782419204711914, 20.769290924072266, 18.969493865966797, 17.20025634765625, 15.430489540100098, 14.17839527130127, 12.68700885772705, 11.629169464111328], "val_loss": [0.004832571372389793, 0.004348507151007652, 0.0038394166622310877, 0.0037243568804115057, 0.0035761790350079536, 0.003582740668207407, 0.0035932199098169804, 0.0038474088069051504, 0.0035065722186118364, 0.00341869262047112, 0.0038556705694645643, 0.0034078177995979786, 0.0036663024220615625, 0.0035849679261446, 0.003368286183103919, 0.003482731059193611, 0.003395728301256895, 0.003554701106622815, 0.003738708794116974, 0.0035663999151438475, 0.0034467638470232487, 0.0033563324250280857, 0.0035820219200104475, 0.004471919033676386, 0.003751782700419426, 0.004024066496640444, 0.003701541107147932, 0.0034164951648563147, 0.0034343767911195755, 0.003469273215159774, 0.0034437670838087797, 0.003363660303875804, 0.003875147318467498, 0.00392915541306138, 0.0034332338254898787, 0.003396370215341449, 0.0034636626951396465, 0.0034130341373384, 0.0035510598681867123, 0.0034982499200850725, 0.0034581248182803392, 0.0034309830516576767, 0.003499005688354373, 0.0034245376009494066, 0.003487649606540799, 0.0034476094879209995, 0.0034649823792278767, 460.5122375488281, 220.09710693359375, 152.77679443359375, 115.15045166015625, 94.64344787597656, 77.78890991210938, 65.36365509033203, 56.682247161865234, 48.80736541748047, 45.37115478515625, 39.67344284057617, 35.52445602416992, 32.14323043823242, 29.072134017944336, 26.043622970581055, 24.37711524963379, 21.48050880432129, 19.65135955810547, 17.713468551635742, 16.760997772216797, 15.500449180603027, 12.944397926330566, 12.22636604309082, 13.940430641174316, 11.277972221374512], "reconstruction_loss": [], "kl_loss": []}