{"loss": [0.145915687084198, 0.09912377595901489, 0.04775968939065933, 0.026069315150380135, 0.021201785653829575, 0.018434779718518257, 0.016848068684339523, 0.016154449433088303, 0.01559421420097351, 0.015213005244731903, 0.014204906299710274, 0.013862403109669685, 0.01366355735808611, 0.014142814092338085, 0.013749644160270691, 0.013413285836577415, 0.01339605264365673, 0.013310281559824944, 0.01326602604240179, 0.01291930302977562, 0.013109823688864708, 0.012968865223228931, 0.013674445450305939, 0.013666019774973392, 0.013549026101827621, 0.013488813303411007, 0.013111701235175133, 0.013043805956840515, 0.012976654805243015, 0.01278267428278923, 0.012665591202676296, 0.012884119525551796, 0.012871763668954372, 0.013015352189540863, 0.012766731902956963, 0.012891454622149467, 0.012694180011749268, 0.01267293468117714, 0.01265950221568346, 0.012712095864117146, 0.012636518105864525, 0.013053061440587044, 0.012739328667521477, 0.012899181805551052, 0.012529665604233742, 0.01295344065874815, 0.012592503800988197, 0.012523645535111427, 0.012407466769218445, 0.012941845692694187, 0.01269708201289177, 0.012360217981040478, 0.012331301346421242, 0.012430451810359955, 0.012570299208164215, 0.01306269783526659, 0.012460771016776562, 0.012431202456355095, 0.012622336857020855, 0.012304346077144146, 0.01213295292109251, 0.012066866271197796, 0.011997752822935581, 0.011981594376266003, 0.0130071509629488, 0.012223613448441029, 0.01214329432696104, 0.011917176656425, 0.011880993843078613, 0.011879591271281242, 0.01201348565518856, 0.012190212495625019, 0.012210188433527946, 0.012330776080489159, 0.011912504211068153, 0.01166220661252737, 0.011679315008223057, 0.011682574637234211, 0.011574879288673401, 0.011606397107243538, 0.011658175848424435, 0.011749470606446266, 0.011427248828113079, 0.0113740935921669, 0.01145404763519764, 0.011633388698101044, 0.011447257362306118, 0.011336985975503922, 0.011583234183490276, 0.011308368295431137, 0.011283542960882187, 0.011659099720418453, 0.011334744282066822, 0.011385615915060043, 0.011344704777002335, 0.011423294432461262, 0.011284987442195415, 0.011120181530714035, 0.01108839176595211, 0.011052306741476059], "val_loss": [0.14571428298950195, 0.05896623060107231, 0.029928049072623253, 0.02028009667992592, 0.018777288496494293, 0.015660177916288376, 0.015209619887173176, 0.014163733460009098, 0.013941539451479912, 0.01319943554699421, 0.012895296327769756, 0.012755759991705418, 0.01312217116355896, 0.013486498966813087, 0.012360922992229462, 0.012158533558249474, 0.01203786488622427, 0.012938156723976135, 0.011961580254137516, 0.012127112597227097, 0.011867624707520008, 0.012329604476690292, 0.012711973860859871, 0.011891611851751804, 0.011986113153398037, 0.011943886056542397, 0.011911655776202679, 0.011941054835915565, 0.01175416074693203, 0.011722802184522152, 0.011976677924394608, 0.01231746468693018, 0.0121974041685462, 0.011747093871235847, 0.011840072460472584, 0.01168516930192709, 0.011864637956023216, 0.011909057386219501, 0.011962545104324818, 0.011995669454336166, 0.011500202119350433, 0.011670424602925777, 0.012407848611474037, 0.011535916477441788, 0.011668870225548744, 0.011551907286047935, 0.011752585880458355, 0.011594447307288647, 0.01155495923012495, 0.012414212338626385, 0.01153516210615635, 0.011615904979407787, 0.01151101291179657, 0.011491751298308372, 0.013157852925360203, 0.012149675749242306, 0.01173671055585146, 0.011575981043279171, 0.011329744942486286, 0.011337482370436192, 0.011395198293030262, 0.01126668881624937, 0.01128733716905117, 0.011708389967679977, 0.011663037352263927, 0.011668197810649872, 0.011158389039337635, 0.011094896122813225, 0.011081687174737453, 0.011588826775550842, 0.01203529629856348, 0.011024996638298035, 0.011022321879863739, 0.010953580029308796, 0.011058171279728413, 0.010986258275806904, 0.010893643833696842, 0.010842937044799328, 0.011076502501964569, 0.011211407370865345, 0.011435993015766144, 0.01079530082643032, 0.01072564534842968, 0.0109413368627429, 0.01074365433305502, 0.01096452958881855, 0.010812949389219284, 0.010697503574192524, 0.010691002011299133, 0.010739454068243504, 0.01073108147829771, 0.010618509724736214, 0.010922681540250778, 0.010865696705877781, 0.011319526471197605, 0.010895946994423866, 0.01070463564246893, 0.010622864589095116, 0.010665751062333584, 0.011082029901444912], "reconstruction_loss": [], "kl_loss": []}