{"loss": [0.012223096564412117, 0.004770662169903517, 0.004041969310492277, 0.0037007720675319433, 0.0035846903920173645, 0.0033649555407464504, 0.003272473579272628, 0.0032145902514457703, 0.0032161609269678593, 0.003272315254434943, 0.00300199119374156, 0.0028848934452980757, 0.0028125711251050234, 0.002728678286075592, 0.0027001556009054184, 0.002628173679113388, 0.0024700569920241833, 0.002437279559671879, 0.002376474440097809, 0.002244610572233796, 0.00215396611019969, 0.0020739026367664337, 0.0021248406264930964, 0.001988129923120141, 0.0019335226388648152, 0.0018392348429188132, 0.0018019587732851505, 0.0018143231282010674, 0.0017001745291054249, 0.0016775415278971195], "val_loss": [0.004461509641259909, 0.004317914135754108, 0.0035038345959037542, 0.0034515848383307457, 0.003356377827003598, 0.0032976241782307625, 0.0032461918890476227, 0.0033507035113871098, 0.0037501496262848377, 0.0033171146642416716, 0.003301328280940652, 0.0031853748951107264, 0.0032779634930193424, 0.0031728886533528566, 0.003159395419061184, 0.003253066446632147, 0.003264821832999587, 0.0030974019318819046, 0.0031850598752498627, 0.003187994472682476, 0.0031234745401889086, 0.0031415531411767006, 0.003144744085147977, 0.0031528312247246504, 0.0031001821625977755, 0.0030965320765972137, 0.0032090959139168262, 0.003238818608224392, 0.0033842409029603004, 0.003170454641804099], "reconstruction_loss": [], "kl_loss": []}