{"loss": [0.058978371322155, 0.057902224361896515, 0.057902224361896515, 0.057902246713638306, 0.057902246713638306, 0.05790223553776741, 0.057902224361896515, 0.05790224298834801, 0.05790224298834801, 0.05790221691131592], "val_loss": [0.06076561659574509, 0.06076561659574509, 0.06076561659574509, 0.06076561659574509, 0.06076561659574509, 0.06076561659574509, 0.06076561659574509, 0.06076561659574509, 0.06076561659574509, 0.06076561659574509], "reconstruction_loss": [], "kl_loss": []}