{"loss": [0.10414570569992065, 0.03697624430060387, 0.02165916934609413, 0.016035020351409912, 0.014896538108587265, 0.0143381766974926, 0.014081904664635658, 0.013945668935775757, 0.013879121281206608], "val_loss": [0.035209059715270996, 0.02844870276749134, 0.014698173850774765, 0.013275813311338425, 0.013595265336334705, 0.01276169903576374, 0.012627915479242802, 0.012615492567420006, 0.012550382874906063], "reconstruction_loss": [], "kl_loss": []}