{"loss": [0.012561112642288208, 0.0043869903311133385, 0.0039021088741719723, 0.0036576688289642334, 0.0034398308489471674, 0.003278940450400114, 0.0032016069162636995, 0.003073463449254632, 0.002940482459962368, 0.0028403475880622864, 0.002753867069259286, 0.0026531952898949385, 0.002572786994278431, 0.0026279476005584, 0.0025105278473347425], "val_loss": [0.004142905119806528, 0.004055464640259743, 0.0037631401792168617, 0.0035379601176828146, 0.0033591885585337877, 0.0032484924886375666, 0.0030885059386491776, 0.003167525166645646, 0.003032378852367401, 0.003025004407390952, 0.0030253042932599783, 0.0029692433308809996, 0.0028567644767463207, 0.0028930308762937784, 0.0029429292771965265], "reconstruction_loss": [], "kl_loss": []}