{"loss": [0.08233042061328888, 0.025956276804208755, 0.018792230635881424, 0.01620352454483509, 0.015397856943309307, 0.015039601363241673, 0.014829415827989578, 0.014739267528057098, 0.014657110907137394, 0.014551146887242794, 0.014543741010129452, 0.014487269334495068, 0.014456573873758316, 0.01444253046065569, 0.014418323524296284, 0.01429113931953907, 0.014213749207556248, 0.013996628113090992, 0.014045697636902332, 0.014141082763671875, 0.014006505720317364, 0.014231843873858452, 0.013729559257626534, 0.01361442543566227, 0.013530210591852665, 0.013238457962870598, 0.013721645809710026, 0.013395184651017189, 0.013132202439010143, 0.012844294309616089, 0.012554029002785683, 0.013897945173084736, 0.013303376734256744, 0.012662870809435844, 0.012317955493927002, 0.012026403099298477, 0.01190379448235035, 0.012109164148569107, 0.012328384444117546, 0.01167984213680029, 0.011528690345585346, 0.01132487878203392, 0.011334375478327274, 0.011167505756020546, 0.011080647818744183, 0.010893194004893303, 0.011040743440389633, 0.010679701343178749, 0.010667489841580391, 0.011174719780683517, 0.01080354768782854, 0.010638424195349216, 0.010708581656217575, 0.010561523027718067, 0.010234499350190163, 0.010259740985929966, 0.010278023779392242, 0.010525223799049854, 0.010220092721283436, 0.009930522181093693, 0.009889108128845692, 0.009774618782103062, 0.009687636978924274, 0.00962337851524353, 0.009528222493827343, 0.01101812906563282, 0.010614900849759579, 0.010057250037789345, 0.009871184825897217, 0.009672184474766254, 0.009451263584196568, 0.009396427311003208, 0.009265709668397903, 0.009219614788889885, 0.009163303300738335, 0.009098479524254799, 0.009046494029462337, 0.009017261676490307, 0.0090103754773736, 0.008995531126856804, 0.00894566997885704, 0.009065563790500164, 0.0091246971860528, 0.009085842408239841, 0.008812968619167805, 0.00875937845557928, 0.008723163977265358, 0.008612824603915215, 0.008594217710196972, 0.008576861582696438, 0.008613661862909794, 0.008631516247987747, 0.008445337414741516, 0.008602496236562729, 0.008492427878081799, 0.008526104502379894, 0.008518997579813004, 0.008425304666161537, 0.008308126591145992, 0.00870348047465086], "val_loss": [0.02912626788020134, 0.020290914922952652, 0.015273520722985268, 0.01419086754322052, 0.014218077063560486, 0.013670005835592747, 0.013432507403194904, 0.013283444568514824, 0.01325925812125206, 0.013357037678360939, 0.013214480131864548, 0.013277013786137104, 0.013516774401068687, 0.013147433288395405, 0.012984688393771648, 0.013021841645240784, 0.012868309393525124, 0.012801216915249825, 0.013041199184954166, 0.01353010255843401, 0.014012090861797333, 0.0126859275624156, 0.012611540965735912, 0.01300144474953413, 0.012503526173532009, 0.013563504442572594, 0.012825900688767433, 0.0122056994587183, 0.012548656202852726, 0.011899326927959919, 0.013687985949218273, 0.012601395137608051, 0.011932565830647945, 0.01190313883125782, 0.011567920446395874, 0.01126925554126501, 0.011180642992258072, 0.01261263620108366, 0.011281429789960384, 0.011132141575217247, 0.010979466140270233, 0.01072065532207489, 0.010762227699160576, 0.01065013650804758, 0.010564830154180527, 0.010445898398756981, 0.010379611514508724, 0.010556104592978954, 0.01038406789302826, 0.01048908568918705, 0.010609084740281105, 0.010616387240588665, 0.010687937960028648, 0.01005882490426302, 0.009963598102331161, 0.009985980577766895, 0.010538368485867977, 0.010006684809923172, 0.00986685324460268, 0.0098438560962677, 0.009730973280966282, 0.009681317955255508, 0.00960699375718832, 0.009604081511497498, 0.0095616914331913, 0.010027136653661728, 0.009975523687899113, 0.01008423138409853, 0.00978573877364397, 0.009473079815506935, 0.009388060308992863, 0.009361851029098034, 0.009370160289108753, 0.009242439642548561, 0.009236158803105354, 0.009195752441883087, 0.00923605915158987, 0.00917777419090271, 0.009121423587203026, 0.009203929454088211, 0.009128101170063019, 0.00929985474795103, 0.009754737839102745, 0.009133544750511646, 0.00911326240748167, 0.00901621114462614, 0.008987505920231342, 0.008934271521866322, 0.008902274072170258, 0.009184633381664753, 0.00890785176306963, 0.0088803144171834, 0.008864649571478367, 0.00891197845339775, 0.009159814566373825, 0.008825017139315605, 0.008851997554302216, 0.008870454505085945, 0.009047973901033401, 0.008818719536066055]}